Temperature (Â°C),Humidity (%)
27.2,47.98
27.2,47.96
27.2,47.94
27.2,47.94
27.19,47.94
27.19,47.91
27.19,47.89
27.19,47.9
27.18,47.89
27.18,47.91
27.18,47.92
27.18,47.93
27.18,47.92
27.18,47.92
27.18,47.92
27.18,47.9
27.18,47.88
27.19,47.88
27.19,47.86
27.19,47.84
27.19,47.82
27.19,47.8
27.19,47.78
27.2,47.77
27.2,47.77
27.2,47.73
27.2,47.72
27.2,47.72
27.19,47.69
27.19,47.68
27.19,47.67
27.19,47.65
27.19,47.67
27.19,47.67
27.19,47.68
27.19,47.68
27.19,47.68
27.19,47.68
27.19,47.66
27.19,47.66
27.2,47.67
27.2,47.66
27.2,47.65
27.2,47.62
27.2,47.62
27.2,47.61
27.2,47.61
27.2,47.64
27.2,47.64
27.2,47.62
27.21,47.62
27.21,47.62
27.21,47.61
27.21,47.61
27.21,47.61
27.21,47.59
27.21,47.58
27.21,47.57
27.21,47.56
27.21,47.56
27.21,47.54
27.21,47.53
27.21,47.51
27.21,47.5
27.21,47.5
27.21,47.47
27.21,47.45
27.22,47.44
27.22,47.41
27.22,47.39
27.22,47.4
27.22,47.4
27.22,47.39
27.23,47.43
27.23,47.48
27.23,47.53
27.23,47.51
27.24,47.48
27.24,47.45
27.24,47.42
27.24,47.4
27.24,47.36
27.24,47.34
27.24,47.31
27.24,47.29
27.24,47.25
27.24,47.25
27.25,47.24
27.25,47.24
27.25,47.24
27.25,47.25
27.25,47.25
27.25,47.27
27.25,47.3
27.25,47.3
27.26,47.31
27.26,47.31
27.26,47.3
27.26,47.29
27.26,47.27
27.27,47.25
27.27,47.25
27.27,47.27
27.27,47.27
27.27,47.27
27.28,47.26
27.28,47.27
27.28,47.3
27.28,47.31
27.28,47.27
27.28,47.25
27.28,47.21
27.28,47.2
27.28,47.19
27.28,47.17
27.28,47.15
27.28,47.14
27.28,47.13
27.28,47.11
27.29,47.08
27.29,47.06
27.29,47.05
27.29,47.07
27.29,47.08
27.29,47.05
27.3,47.02
27.3,46.99
27.3,46.95
27.3,46.93
27.3,46.91
27.3,46.9
27.3,46.89
27.3,46.89
27.3,46.88
27.3,46.87
27.3,46.87
27.3,46.88
27.3,46.9
27.3,46.9
27.29,46.88
27.29,46.9
27.3,46.87
27.3,46.87
27.3,46.86
27.3,46.85
27.3,46.87
27.3,46.87
27.3,46.89
27.3,46.91
27.3,46.93
27.3,46.97
27.3,47.0
27.3,47.01
27.3,47.04
27.3,47.05
27.31,47.07
27.31,47.07
27.31,47.09
27.31,47.1
27.31,47.08
27.31,47.1
27.31,47.1
27.31,47.12
27.31,47.13
27.31,47.14
27.31,47.16
27.31,47.19
27.31,47.19
27.31,47.25
27.31,47.3
27.31,47.35
27.31,47.41
27.32,47.46
27.32,47.49
27.32,47.52
27.32,47.55
27.32,47.56
27.32,47.56
27.32,47.58
27.33,47.59
27.33,47.6
27.33,47.6
27.33,47.61
27.33,47.6
27.33,47.63
27.33,47.65
27.34,47.67
27.34,47.68
27.34,47.69
27.34,47.68
27.34,47.66
27.34,47.63
27.34,47.6
27.35,47.54
27.35,47.47
27.35,47.43
27.35,47.39
27.35,47.39
27.35,47.38
27.35,47.39
27.35,47.42
27.35,47.46
27.35,47.49
27.35,47.51
27.35,47.53
27.36,47.56
27.36,47.58
27.36,47.59
27.36,47.61
27.36,47.58
27.36,47.54
27.36,47.51
27.36,47.49
27.36,47.48
27.36,47.46
27.36,47.47
27.36,47.46
27.36,47.48
27.37,47.49
27.37,47.51
27.37,47.52
27.37,47.53
27.37,47.55
27.37,47.56
27.37,47.58
27.37,47.58
27.37,47.58
27.37,47.58
27.37,47.59
27.37,47.6
27.37,47.6
27.37,47.61
27.37,47.6
27.38,47.61
27.38,47.6
27.38,47.59
27.38,47.6
27.38,47.6
27.38,47.58
27.38,47.58
27.38,47.57
27.38,47.59
27.38,47.59
27.38,47.58
27.38,47.57
27.38,47.6
27.38,47.59
27.38,47.6
27.39,47.62
27.39,47.62
27.39,47.62
27.39,47.64
27.39,47.64
27.39,47.65
27.39,47.66
27.39,47.67
27.39,47.68
27.4,47.68
27.39,47.7
27.39,47.7
27.39,47.7
27.39,47.71
27.39,47.73
27.39,47.74
27.39,47.74
27.39,47.76
27.39,47.77
27.39,47.82
27.39,47.9
27.39,47.93
27.39,47.89
27.39,47.87
27.39,47.82
27.39,47.81
27.38,47.79
27.38,47.77
27.38,47.77
27.38,47.75
27.38,47.74
27.38,47.74
27.38,47.73
27.38,47.71
27.38,47.72
27.38,47.72
27.38,47.71
27.38,47.71
27.38,47.71
27.38,47.71
27.38,47.71
27.38,47.71
27.37,47.72
27.37,47.73
27.37,47.74
27.37,47.77
27.37,47.75
27.37,47.75
27.37,47.77
27.37,47.79
27.37,47.8
27.37,47.81
27.37,47.81
27.37,47.8
27.37,47.8
27.37,47.8
27.37,47.81
27.37,47.81
27.37,47.83
27.37,47.84
27.37,47.83
27.37,47.84
27.37,47.86
27.37,47.87
27.37,47.89
27.37,47.91
27.37,47.91
27.38,47.91
27.38,47.91
27.38,47.89
27.38,47.89
27.38,47.88
27.38,47.88
27.38,47.9
27.38,47.94
27.38,47.94
27.39,47.93
27.39,47.91
27.38,47.87
27.38,47.8
27.38,47.77
27.38,47.72
27.37,47.69
27.37,47.67
27.37,47.66
27.36,47.65
27.36,47.65
27.36,47.66
27.36,47.69
27.36,47.7
27.35,47.71
27.35,47.72
27.35,47.74
27.35,47.75
27.35,47.75
27.35,47.76
27.35,47.76
27.35,47.75
27.35,47.76
27.35,47.75
27.36,47.76
27.36,47.76
27.36,47.76
27.36,47.76
27.36,47.74
27.37,47.76
27.37,47.75
27.37,47.73
27.37,47.71
27.37,47.66
27.37,47.64
27.37,47.6
27.37,47.55
27.37,47.53
27.37,47.52
27.37,47.51
27.37,47.52
27.37,47.52
27.37,47.52
27.37,47.51
27.37,47.5
27.36,47.5
27.36,47.5
27.36,47.51
27.36,47.53
27.36,47.55
27.36,47.56
27.36,47.56
27.36,47.58
27.36,47.6
27.36,47.61
27.36,47.65
27.36,47.66
27.36,47.67
27.36,47.7
27.36,47.73
27.36,47.77
27.37,47.76
27.37,47.75
27.37,47.73
27.37,47.72
27.37,47.74
27.37,47.73
27.37,47.75
27.37,47.78
27.37,47.8
27.37,47.83
27.37,47.84
27.37,47.8
27.37,47.76
27.37,47.72
27.37,47.7
27.37,47.69
27.37,47.67
27.37,47.66
27.37,47.66
27.37,47.69
27.37,47.71
27.37,47.73
27.37,47.75
27.37,47.75
27.37,47.76
27.37,47.74
27.37,47.74
27.37,47.72
27.37,47.68
27.37,47.63
27.37,47.58
27.37,47.55
27.37,47.51
27.37,47.49
27.37,47.46
27.37,47.46
27.37,47.48
27.37,47.5
27.37,47.53
27.37,47.55
27.37,47.58
27.37,47.61
27.37,47.6
27.37,47.58
27.37,47.57
27.37,47.59
27.37,47.61
27.37,47.64
27.37,47.64
27.37,47.64
27.37,47.61
27.37,47.59
27.36,47.55
27.36,47.53
27.36,47.52
27.36,47.51
27.36,47.5
27.36,47.52
27.36,47.55
27.37,47.59
27.37,47.66
27.37,47.76
27.37,47.88
27.37,47.97
27.37,47.98
27.37,47.95
27.37,47.95
27.37,47.97
27.37,48.03
27.38,48.09
27.38,48.1
27.38,48.12
27.38,48.12
27.38,48.11
27.38,48.09
27.38,48.09
27.38,48.09
27.38,48.11
27.38,48.12
27.38,48.12
27.38,48.12
27.38,48.11
27.39,48.11
27.39,48.09
27.39,48.07
27.39,48.06
27.39,48.07
27.39,48.09
27.39,48.13
27.39,48.15
27.39,48.19
27.39,48.21
27.39,48.22
27.39,48.24
27.39,48.24
27.4,48.23
27.4,48.23
27.4,48.21
27.39,48.19
27.39,48.16
27.39,48.16
27.39,48.19
27.39,48.23
27.39,48.26
27.39,48.28
27.39,48.3
27.39,48.37
27.39,48.41
27.39,48.47
27.39,48.52
27.38,48.6
27.38,48.68
27.38,48.74
27.38,48.79
27.38,48.83
27.38,48.84
27.38,48.8
27.37,48.78
27.37,48.78
27.37,48.83
27.37,48.81
27.37,48.78
27.37,48.78
27.36,48.75
27.36,48.74
27.36,48.73
27.36,48.72
27.36,48.73
27.36,48.72
27.36,48.72
27.36,48.71
27.36,48.7
27.36,48.69
27.36,48.67
27.36,48.67
27.36,48.66
27.36,48.65
27.36,48.64
27.37,48.81
27.58,53.7
27.74,60.21
27.76,63.99
27.77,62.74
27.76,60.08
27.75,57.49
27.78,55.88
28.03,59.25
28.33,62.23
28.61,64.04
28.87,65.03
29.1,65.66
29.3,66.06
29.47,66.31
29.62,66.47
29.73,66.58
29.79,67.67
29.85,68.96
29.9,69.77
29.94,70.25
29.99,70.53
30.02,70.7
30.06,70.82
30.08,70.89
30.11,70.94
30.13,70.98
30.16,71.0
30.17,71.02
30.18,71.06
30.11,70.1
30.03,66.68
29.96,62.97
29.88,59.72
29.81,57.04
29.74,54.92
29.68,53.27
29.61,51.99
29.55,51.01
29.5,50.23
29.45,49.61
29.4,49.15
29.35,48.76
29.31,48.46
29.27,48.19
29.23,47.98
29.19,47.82
29.15,47.69
29.12,47.6
29.08,47.55
29.05,47.5
29.02,47.47
28.99,47.41
28.96,47.35
28.94,47.3
28.91,47.25
28.88,47.21
28.86,47.2
28.83,47.2
28.81,47.2
28.78,47.2
28.76,47.23
28.74,47.24
28.71,47.27
28.69,47.26
28.67,47.26
28.65,47.25
28.63,47.24
28.61,47.24
28.59,47.23
28.58,47.23
28.56,47.23
28.54,47.23
28.53,47.21
28.51,47.22
28.49,47.19
28.48,47.16
28.46,47.14
28.45,47.11
28.43,47.09
28.42,47.09
28.41,47.08
28.39,47.08
28.38,47.05
28.37,47.04
28.35,47.03
28.34,47.03
28.33,47.03
28.32,47.01
28.31,47.02
28.3,47.01
28.29,47.0
28.28,47.01
28.27,47.01
28.26,47.03
28.25,47.02
28.24,47.01
28.24,46.98
28.23,46.96
28.22,46.96
28.21,46.94
28.2,46.94
28.19,46.92
28.18,46.88
28.17,46.9
28.16,46.88
28.15,46.9
28.14,46.92
28.13,46.94
28.11,46.98
28.1,47.01
28.09,47.03
28.08,47.04
28.07,47.05
28.06,47.07
28.05,47.05
28.04,47.07
28.04,47.06
28.03,47.08
28.02,47.07
28.01,47.08
28.01,47.07
28.0,47.07
27.99,47.05
27.98,47.04
27.98,47.03
27.97,47.02
27.96,47.0
27.96,47.0
27.95,46.98
27.95,46.99
27.94,46.99
27.94,47.0
27.93,47.02
27.92,47.03
27.92,47.05
27.91,47.04
27.91,47.03
27.9,47.01
27.9,47.03
27.89,47.01
27.89,47.02
27.88,47.03
27.88,47.05
27.87,47.07
27.87,47.1
27.86,47.11
27.86,47.12
27.86,47.12
27.85,47.12
27.85,47.11
27.84,47.11
27.84,47.1
27.83,47.11
27.83,47.09
27.82,47.07
27.82,47.07
27.82,47.06
27.81,47.07
27.81,47.06
27.81,47.04
27.8,47.04
27.8,47.05
27.8,47.04
27.79,47.05
27.79,47.08
27.79,47.07
27.79,47.07
27.79,47.09
27.78,47.11
27.78,47.17
27.78,47.23
27.78,47.33
27.78,47.38
27.78,47.43
27.77,47.48
27.77,47.51
27.77,47.54
27.77,47.54
27.77,47.52
27.76,47.49
27.76,47.47
27.76,47.47
27.76,47.52
27.76,47.54
27.75,47.53
27.75,47.5
27.75,47.47
27.75,47.42
27.75,47.41
27.75,47.44
27.75,47.51
27.75,47.57
27.74,47.64
27.74,47.67
27.74,47.7
27.74,47.73
27.74,47.73
27.74,47.75
27.74,47.76
27.74,47.76
27.74,47.74
27.74,47.74
27.73,47.74
27.73,47.71
27.73,47.69
27.73,47.67
27.73,47.63
27.72,47.6
27.72,47.58
27.72,47.57
27.72,47.55
27.72,47.55
27.71,47.52
27.71,47.54
27.71,47.55
27.71,47.55
27.71,47.58
27.71,47.59
27.71,47.63
27.7,47.66
27.7,47.64
27.7,47.61
27.7,47.57
27.7,47.55
27.7,47.52
27.7,47.52
27.69,47.51
27.69,47.47
27.68,47.4
27.68,47.36
27.68,47.36
27.67,47.35
27.67,47.34
27.67,47.34
27.67,47.32
27.66,47.34
27.66,47.35
27.66,47.37
27.66,47.35
27.66,47.3
27.65,47.21
27.65,47.15
27.64,47.14
27.64,47.16
27.64,47.2
27.63,47.23
27.63,47.27
27.63,47.29
27.63,47.29
27.63,47.29
27.63,47.23
27.63,47.19
27.63,47.19
27.63,47.17
27.63,47.18
27.63,47.16
27.63,47.18
27.63,47.18
27.63,47.18
27.62,47.17
27.62,47.14
27.62,47.14
27.62,47.17
27.62,47.19
27.62,47.15
27.62,47.15
27.62,47.13
27.62,47.09
27.62,47.09
27.61,47.06
27.62,47.05
27.62,47.06
27.62,47.03
27.62,47.0
27.62,46.97
27.62,46.92
27.62,46.89
27.62,46.85
27.62,46.83
27.62,46.81
27.62,46.8
27.62,46.8
27.62,46.81
27.62,46.82
27.62,46.83
27.61,46.83
27.61,46.84
27.61,46.86
27.61,46.88
27.6,46.88
27.6,46.9
27.6,46.88
27.6,46.9
27.6,46.93
27.59,46.95
27.59,46.93
27.58,46.89
27.58,46.83
27.58,46.79
27.57,46.78
27.57,46.77
27.56,46.78
27.56,46.8
27.56,46.8
27.55,46.79
27.55,46.78
27.55,46.79
27.54,46.81
27.54,46.8
27.54,46.81
27.54,46.81
27.54,46.82
27.54,46.8
27.54,46.8
27.53,46.79
27.54,46.77
27.53,46.77
27.53,46.77
27.53,46.76
27.53,46.77
27.53,46.77
27.53,46.77
27.53,46.77
27.53,46.77
27.53,46.79
27.53,46.81
27.53,46.8
27.53,46.81
27.53,46.79
27.53,46.8
27.53,46.78
27.53,46.77
27.53,46.77
27.53,46.77
27.53,46.79
27.53,46.79
27.53,46.8
27.53,46.8
27.53,46.81
27.53,46.81
27.53,46.82
27.53,46.83
27.53,46.82
27.53,46.82
27.52,46.84
27.53,46.85
27.52,46.86
27.52,46.87
27.52,46.88
27.52,46.88
27.52,46.91
27.52,46.92
27.52,46.91
27.52,46.93
27.52,46.93
27.52,46.95
27.52,46.96
27.52,46.98
27.52,46.97
27.52,46.98
27.52,46.97
27.52,46.98
27.52,46.97
27.52,46.98
27.52,46.97
27.52,46.95
27.52,46.92
27.52,46.93
27.52,46.92
27.52,46.91
27.52,46.94
27.52,46.97
27.52,47.01
27.52,47.05
27.52,47.08
27.52,47.12
27.52,47.18
27.52,47.26
27.52,47.27
27.52,47.28
27.52,47.27
27.52,47.28
27.52,47.29
27.52,47.29
27.52,47.27
27.52,47.29
27.51,47.29
27.51,47.29
27.51,47.26
27.51,47.23
27.52,47.21
27.52,47.22
27.52,47.22
27.52,47.21
27.52,47.21
27.52,47.22
27.52,47.21
27.52,47.23
27.52,47.27
27.52,47.28
27.52,47.28
27.52,47.3
27.52,47.31
27.52,47.29
27.52,47.29
27.52,47.27
27.52,47.24
27.52,47.24
27.52,47.22
27.52,47.21
27.52,47.2
27.52,47.17
27.52,47.17
27.52,47.14
27.52,47.11
27.52,47.11
27.52,47.09
27.53,47.07
27.52,47.07
27.53,47.06
27.53,47.03
27.53,47.03
27.53,47.02
27.53,47.0
27.53,47.01
27.53,47.0
27.53,46.99
27.54,46.99
27.54,46.98
27.54,46.98
27.54,46.96
27.54,46.96
27.54,46.94
27.54,46.94
27.54,46.95
27.54,46.94
27.54,46.96
27.54,46.95
27.54,46.96
27.54,46.96
27.54,46.97
27.54,46.96
27.55,46.94
27.55,46.96
27.55,46.95
27.55,46.95
27.55,46.95
27.55,46.93
27.55,46.9
27.55,46.9
27.55,46.87
27.55,46.85
27.56,46.84
27.56,46.82
27.56,46.82
27.56,46.82
27.56,46.81
27.56,46.83
27.56,46.81
27.56,46.84
27.57,46.86
27.57,46.89
27.57,46.93
27.57,46.95
27.57,46.95
27.57,46.97
27.57,46.95
27.56,46.97
27.56,46.97
27.56,46.97
27.56,46.96
27.57,46.95
27.57,46.96
27.57,46.95
27.57,46.94
27.57,46.92
27.57,46.91
27.57,46.92
27.57,46.91
27.57,46.89
27.57,46.89
27.57,46.88
27.57,46.86
27.57,46.87
27.57,46.85
27.57,46.85
27.57,46.86
27.57,46.86
27.57,46.85
27.57,46.86
27.58,46.85
27.58,46.85
27.58,46.85
27.58,46.88
27.58,46.86
27.58,46.85
27.58,46.85
27.58,46.85
27.58,46.88
27.58,46.91
27.58,46.92
27.58,46.92
27.58,46.92
27.58,46.92
27.58,46.94
27.58,46.96
27.58,46.96
27.58,46.96
27.58,46.97
27.58,46.95
27.58,46.94
27.58,46.96
27.58,46.96
27.58,46.93
27.58,46.91
27.58,46.9
27.58,46.89
27.58,46.88
27.58,46.88
27.58,46.9
27.58,46.88
27.59,46.91
27.59,46.93
27.59,46.93
27.59,46.94
27.59,46.94
27.59,46.96
27.6,46.96
27.6,46.95
27.6,46.96
27.6,46.96
27.6,46.95
27.6,46.96
27.6,46.98
27.6,47.02
27.6,47.03
27.6,47.01
27.6,46.99
27.6,46.99
27.6,46.98
27.6,46.98
27.6,46.98
27.6,46.99
27.61,46.98
27.61,46.98
27.61,46.96
27.61,46.95
27.61,46.95
27.61,46.98
27.61,47.01
27.61,47.02
27.61,47.04
27.61,47.06
27.61,47.04
27.62,47.04
27.62,47.04
27.62,47.03
27.62,47.01
27.62,47.0
27.62,47.0
27.62,46.98
27.62,46.95
27.62,46.93
27.63,46.89
27.62,46.87
27.62,46.86
27.62,46.85
27.63,46.83
27.63,46.82
27.63,46.82
27.63,46.8
27.63,46.79
27.63,46.8
27.63,46.79
27.63,46.79
27.63,46.77
27.63,46.75
27.63,46.74
27.63,46.72
27.63,46.7
27.63,46.7
27.63,46.7
27.63,46.72
27.63,46.73
27.63,46.73
27.63,46.8
27.64,46.84
27.64,46.88
27.64,46.92
27.64,46.95
27.64,46.99
27.64,47.02
27.64,47.04
27.64,47.05
27.65,47.07
27.65,47.07
27.65,47.07
27.64,47.05
27.65,47.02
27.65,46.98
27.65,46.95
27.65,46.93
27.65,46.92
27.65,46.92
27.65,46.92
27.65,46.93
27.65,46.96
27.65,46.98
27.65,47.01
27.65,47.04
27.65,47.05
27.65,47.07
27.65,47.06
27.65,47.06
27.66,47.08
27.66,47.07
27.66,47.07
27.66,47.08
27.66,47.03
27.66,47.01
27.66,47.0
27.66,46.95
27.66,46.92
27.67,46.91
27.67,46.91
27.67,46.88
27.67,46.88
27.67,46.87
27.67,46.87
27.67,46.87
27.67,46.88
27.68,46.88
27.68,46.86
27.68,46.85
27.68,46.88
27.68,46.88
27.68,46.89
27.68,46.91
27.68,46.93
27.68,46.96
27.68,47.01
27.68,47.06
27.68,47.08
27.68,47.12
27.68,47.08
27.68,47.09
27.68,47.08
27.69,47.08
27.69,47.07
27.69,47.08
27.69,47.06
27.69,47.04
27.69,47.02
27.7,46.98
27.7,46.96
27.7,46.96
27.7,46.95
27.7,46.94
27.71,46.92
27.71,46.93
27.71,46.92
27.71,46.91
27.71,46.89
27.71,46.87
27.71,46.84
27.72,46.84
27.72,46.82
27.72,46.8
27.72,46.81
27.72,46.81
27.72,46.8
27.72,46.78
27.72,46.77
27.72,46.77
27.72,46.77
27.72,46.75
27.72,46.73
27.72,46.72
27.72,46.74
27.72,46.76
27.72,46.8
27.71,46.82
27.71,46.84
27.71,46.89
27.71,46.89
27.71,46.92
27.71,46.91
27.71,46.93
27.71,46.93
27.71,46.92
27.71,46.9
27.71,46.88
27.71,46.84
27.7,46.78
27.7,46.74
27.7,46.72
27.7,46.7
27.7,46.7
27.7,46.7
27.7,46.69
27.7,46.7
27.71,46.7
27.71,46.69
27.71,46.7
27.71,46.7
27.71,46.7
27.71,46.67
27.71,46.63
27.71,46.61
27.71,46.57
27.71,46.56
27.72,46.54
27.72,46.53
27.72,46.49
27.72,46.46
27.72,46.47
27.72,46.46
27.72,46.42
27.72,46.42
27.72,46.39
27.72,46.36
27.72,46.33
27.72,46.32
27.72,46.3
27.72,46.31
27.72,46.32
27.72,46.33
27.72,46.33
27.72,46.34
27.72,46.34
27.72,46.33
27.72,46.31
27.72,46.32
27.72,46.31
27.72,46.36
27.72,46.49
27.72,46.62
27.72,46.72
27.72,46.77
27.72,46.82
27.72,46.83
27.73,46.83
27.73,46.83
27.73,46.83
27.73,46.84
27.73,46.86
27.73,46.87
27.73,46.9
27.74,46.95
27.74,46.95
27.74,46.92
27.74,46.87
27.75,46.84
27.75,46.79
27.75,46.75
27.75,46.68
27.75,46.65
27.75,46.63
27.75,46.61
27.75,46.59
27.75,46.59
27.75,46.58
27.75,46.54
27.75,46.53
27.75,46.51
27.75,46.48
27.75,46.45
27.75,46.44
27.75,46.41
27.75,46.4
27.74,46.38
27.74,46.37
27.74,46.37
27.74,46.35
27.74,46.34
27.74,46.34
27.74,46.33
27.74,46.33
27.74,46.33
27.74,46.34
27.74,46.34
27.74,46.33
27.74,46.33
27.74,46.3
27.74,46.31
27.74,46.28
27.74,46.27
27.74,46.27
27.74,46.26
27.74,46.24
27.74,46.24
27.74,46.24
27.74,46.24
27.74,46.27
27.74,46.3
27.74,46.3
27.74,46.32
27.74,46.34
27.74,46.37
27.74,46.37
27.74,46.33
27.74,46.3
27.74,46.26
27.74,46.23
27.74,46.22
27.74,46.2
27.74,46.19
27.74,46.19
27.74,46.18
27.74,46.18
27.74,46.19
27.73,46.18
27.73,46.18
27.73,46.18
27.73,46.18
27.73,46.17
27.73,46.16
27.73,46.16
27.73,46.13
27.72,46.1
27.72,46.13
27.72,46.13
27.72,46.16
27.72,46.17
27.72,46.15
27.72,46.1
27.72,46.04
27.72,46.01
27.71,45.96
27.71,45.94
27.71,45.95
27.71,45.96
27.71,45.98
27.71,46.04
27.71,46.09
27.71,46.13
27.71,46.16
27.71,46.2
27.71,46.25
27.71,46.3
27.71,46.33
27.71,46.33
27.71,46.31
27.71,46.25
27.71,46.19
27.71,46.14
27.71,46.1
27.71,46.1
27.7,46.13
27.7,46.16
27.7,46.19
27.7,46.23
27.7,46.26
27.7,46.28
27.7,46.29
27.69,46.27
27.69,46.24
27.69,46.21
27.69,46.19
27.69,46.15
27.69,46.12
27.69,46.11
27.68,46.1
27.68,46.07
27.68,46.06
27.68,46.05
27.68,46.04
27.68,46.03
27.68,46.01
27.68,46.0
27.69,45.97
27.69,45.95
27.69,45.93
27.69,45.94
27.69,45.94
27.69,45.94
27.69,45.95
27.7,45.99
27.7,46.0
27.7,46.02
27.7,46.02
27.7,46.0
27.7,45.96
27.7,45.96
27.7,45.94
27.7,45.93
27.69,45.93
27.69,45.95
27.69,45.95
27.69,45.91
27.69,45.86
27.68,45.82
27.68,45.78
27.68,45.77
27.68,45.78
27.68,45.77
27.68,45.74
27.68,45.69
27.67,45.68
27.67,45.65
27.67,45.65
27.67,45.64
27.67,45.64
27.67,45.66
27.67,45.68
27.67,45.71
27.67,45.73
27.66,45.75
27.66,45.76
27.66,45.8
27.66,45.81
27.66,45.83
27.66,45.84
27.66,45.85
27.67,45.86
27.67,45.87
27.67,45.89
27.67,45.9
27.67,45.9
27.67,45.91
27.67,45.9
27.68,45.89
27.68,45.91
27.68,45.92
27.68,45.92
27.68,45.92
27.68,45.93
27.68,45.94
27.69,45.94
27.69,45.93
27.69,45.93
27.69,45.91
27.69,45.88
27.69,45.83
27.69,45.78
27.69,45.75
27.69,45.71
27.68,45.68
27.68,45.67
27.68,45.65
27.68,45.61
27.68,45.62
27.68,45.63
27.68,45.63
27.68,45.64
27.68,45.66
27.67,45.66
27.67,45.68
27.67,45.69
27.67,45.69
27.67,45.69
27.67,45.68
27.67,45.68
27.67,45.66
27.68,45.63
27.68,45.58
27.68,45.55
27.68,45.54
27.68,45.51
27.68,45.53
27.68,45.54
27.68,45.54
27.68,45.53
27.69,45.52
27.69,45.49
27.7,45.45
27.7,45.45
27.7,45.43
27.7,45.43
27.7,45.43
27.7,45.45
27.71,45.46
27.71,45.45
27.71,45.43
27.71,45.43
27.71,45.45
27.71,45.43
27.54,45.36
27.47,45.5
27.41,45.6
27.37,45.63
27.34,45.71
27.32,45.75
27.31,45.82
27.3,45.85
27.29,45.88
27.29,45.88
27.29,45.83
27.28,45.76
27.28,45.7
27.28,45.63
27.29,45.59
27.29,45.54
27.29,45.5
27.29,45.49
27.29,45.44
27.29,45.43
27.3,45.39
27.3,45.38
27.3,45.37
27.3,45.37
27.31,45.42
27.31,45.48
27.31,45.49
27.31,45.49
27.32,45.49
27.32,45.5
27.32,45.5
27.33,45.49
27.33,45.53
27.33,45.52
27.34,45.51
27.34,45.42
27.34,45.38
27.34,45.34
27.34,45.32
27.35,45.32
27.35,45.32
27.35,45.34
27.36,45.36
27.36,45.34
27.36,45.35
27.36,45.31
27.36,45.28
27.37,45.21
27.37,45.15
27.37,45.11
27.37,45.05
27.38,45.05
27.38,45.05
27.38,45.07
27.39,45.11
27.39,45.14
27.39,45.2
27.39,45.23
27.4,45.26
27.4,45.29
27.41,45.3
27.41,45.31
27.41,45.31
27.41,45.29
27.42,45.29
27.42,45.23
27.42,45.16
27.42,45.08
27.42,45.03
27.42,44.99
27.43,44.97
27.43,44.95
27.43,44.96
27.44,44.98
27.44,45.0
27.44,45.04
27.44,45.08
27.45,45.1
27.45,45.1
27.45,45.1
27.45,45.1
27.45,45.12
27.46,45.11
27.46,45.03
27.46,44.92
27.46,44.87
27.46,44.79
27.47,44.73
27.47,44.66
27.47,44.62
27.47,44.59
27.47,44.56
27.47,44.57
27.47,44.54
27.47,44.55
27.47,44.57
27.48,44.62
27.48,44.66
27.48,44.72
27.48,44.77
27.49,44.81
27.49,44.84
27.49,44.83
27.49,44.82
27.5,44.82
27.5,44.84
27.5,44.85
27.5,44.9
27.51,44.95
27.51,45.0
27.51,45.04
27.52,45.11
27.52,45.18
27.52,45.23
27.52,45.23
27.52,45.17
27.53,45.13
27.53,45.1
27.53,45.04
27.53,44.99
27.54,44.93
27.54,44.85
27.54,44.78
27.54,44.76
27.54,44.79
27.55,44.83
27.55,44.82
27.55,44.81
27.55,44.78
27.55,44.7
27.56,44.66
27.56,44.6
27.56,44.56
27.56,44.54
27.57,44.52
27.57,44.51
27.57,44.51
27.57,44.51
27.57,44.51
27.57,44.54
27.57,44.51
27.58,44.52
27.58,44.5
27.58,44.51
27.58,44.49
27.58,44.48
27.58,44.47
27.58,44.47
27.58,44.46
27.59,44.46
27.59,44.48
27.59,44.51
27.59,44.54
27.59,44.59
27.59,44.67
27.6,44.75
27.6,44.82
27.6,44.83
27.6,44.75
27.6,44.69
27.6,44.66
27.6,44.58
27.6,44.53
27.6,44.53
27.6,44.49
27.6,44.48
27.6,44.48
27.6,44.45
27.6,44.42
27.6,44.4
27.6,44.38
27.6,44.37
27.6,44.39
27.6,44.44
27.61,44.49
27.61,44.54
27.61,44.61
27.61,44.67
27.61,44.74
27.61,44.79
27.61,44.83
27.62,44.86
27.62,44.88
27.62,44.9
27.62,44.92
27.62,44.92
27.62,44.89
27.62,44.82
27.62,44.75
27.62,44.69
27.62,44.65
27.62,44.62
27.62,44.65
27.62,44.65
27.62,44.66
27.62,44.69
27.62,44.71
27.62,44.71
27.62,44.75
27.62,44.76
27.62,44.78
27.63,44.81
27.63,44.81
27.63,44.84
27.63,44.84
27.63,44.84
27.63,44.84
27.63,44.84
27.63,44.86
27.63,44.9
27.64,44.91
27.64,44.91
27.64,44.9
27.64,44.89
27.65,44.86
27.65,44.85
27.65,44.84
27.65,44.83
27.65,44.82
27.65,44.81
27.66,44.78
27.66,44.73
27.66,44.69
27.66,44.67
27.66,44.65
27.66,44.65
27.67,44.62
27.67,44.62
27.67,44.6
27.67,44.64
27.67,44.72
27.67,44.81
27.67,44.86
27.67,44.92
27.67,44.99
27.67,45.04
27.67,45.12
27.67,45.16
27.67,45.14
27.67,45.05
27.67,44.95
27.67,44.86
27.67,44.78
27.67,44.72
27.67,44.69
27.67,44.69
27.67,44.67
27.68,44.66
27.68,44.62
27.68,44.57
27.68,44.51
27.68,44.47
27.69,44.47
27.69,44.46
27.69,44.47
27.7,44.51
27.7,44.54
27.7,44.55
27.71,44.57
27.71,44.53
27.72,44.5
27.72,44.45
27.73,44.44
27.73,44.42
27.73,44.41
27.74,44.42
27.74,44.41
27.74,44.37
27.75,44.32
27.75,44.28
27.75,44.26
27.75,44.26
27.76,44.27
27.76,44.29
27.76,44.29
27.76,44.27
27.76,44.24
27.75,44.2
27.75,44.19
27.75,44.14
27.75,44.11
27.75,44.14
27.74,44.21
27.74,44.28
27.74,44.35
27.74,44.37
27.73,44.41
27.73,44.41
27.73,44.41
27.73,44.41
27.73,44.4
27.73,44.42
27.73,44.41
27.73,44.44
27.73,44.44
27.73,44.44
27.73,44.43
27.73,44.42
27.73,44.41
27.73,44.43
27.73,44.43
27.73,44.41
27.73,44.38
27.73,44.39
27.73,44.41
27.73,44.43
27.74,44.46
27.74,44.51
27.74,44.51
27.74,44.51
27.74,44.51
27.75,44.51
27.75,44.49
27.75,44.46
27.75,44.41
27.75,44.33
27.75,44.26
27.75,44.18
27.74,44.17
27.74,44.17
27.74,44.21
27.74,44.22
27.74,44.23
27.74,44.24
27.74,44.23
27.74,44.21
27.74,44.21
27.74,44.23
27.73,44.23
27.73,44.26
27.73,44.27
27.73,44.33
27.73,44.39
27.73,44.44
27.73,44.49
27.73,44.52
27.73,44.54
27.73,44.57
27.73,44.61
27.73,44.65
27.73,44.65
27.72,44.67
27.72,44.67
27.72,44.68
27.72,44.68
27.72,44.66
27.72,44.66
27.72,44.63
27.72,44.6
27.72,44.56
27.73,44.55
27.72,44.5
27.72,44.51
27.72,44.54
27.72,44.56
27.72,44.62
27.72,44.68
27.72,44.69
27.72,44.71
27.72,44.74
27.72,44.75
27.72,44.77
27.71,44.81
27.71,44.82
27.71,44.85
27.71,44.87
27.71,44.88
27.71,44.85
27.71,44.81
27.71,44.82
27.71,44.82
27.71,44.81
27.71,44.82
27.71,44.79
27.71,44.76
27.71,44.73
27.71,44.7
27.71,44.66
27.71,44.63
27.71,44.62
27.71,44.61
27.71,44.61
27.72,44.6
27.72,44.56
27.72,44.53
27.72,44.48
27.72,44.5
27.72,44.53
27.73,44.53
27.73,44.59
27.73,44.78
27.74,44.99
27.74,45.07
27.75,45.04
27.75,44.96
27.76,44.89
27.76,44.82
27.76,44.77
27.77,44.72
27.77,44.71
27.77,44.7
27.78,44.69
27.78,44.7
27.78,44.71
27.79,44.71
27.79,44.73
27.79,44.79
27.79,44.85
27.79,44.9
27.8,44.91
27.8,44.88
27.8,44.79
27.8,44.69
27.8,44.58
27.8,44.51
27.8,44.45
27.8,44.39
27.8,44.36
27.8,44.33
27.8,44.33
27.8,44.32
27.8,44.3
27.8,44.31
27.81,44.38
27.81,44.5
27.81,44.66
27.81,44.8
27.81,44.91
27.81,45.02
27.81,45.06
27.82,45.05
27.82,45.02
27.82,44.99
27.82,44.96
27.82,44.89
27.82,44.77
27.82,44.64
27.82,44.5
27.83,44.36
27.83,44.25
27.83,44.15
27.83,44.11
27.83,44.1
27.84,44.08
27.84,44.06
27.84,44.05
27.84,44.02
27.85,44.01
27.85,43.98
27.85,43.96
27.86,43.92
27.86,43.9
27.86,43.87
27.86,43.82
27.87,43.81
27.87,43.77
27.87,43.72
27.87,43.7
27.87,43.67
27.88,43.69
27.88,43.68
27.88,43.7
27.88,43.69
27.88,43.72
27.88,43.74
27.88,43.76
27.88,43.77
27.88,43.79
27.88,43.79
27.88,43.82
27.88,43.82
27.88,43.81
27.88,43.82
27.88,43.8
27.88,43.8
27.88,43.8
27.88,43.8
27.88,43.81
27.88,43.81
27.88,43.77
27.89,43.75
27.89,43.71
27.89,43.67
27.89,43.62
27.89,43.59
27.89,43.55
27.89,43.53
27.89,43.51
27.89,43.49
27.89,43.51
27.89,43.54
27.89,43.6
27.89,43.68
27.89,43.78
27.89,43.84
27.89,43.92
27.89,43.98
27.89,44.0
27.89,44.03
27.89,44.06
27.89,44.05
27.89,44.06
27.89,44.11
27.89,44.15
27.89,44.16
27.89,44.11
27.89,44.05
27.89,43.99
27.89,43.9
27.9,43.84
27.9,43.79
27.9,43.74
27.9,43.69
27.9,43.65
27.9,43.63
27.89,43.6
27.89,43.56
27.89,43.54
27.89,43.53
27.89,43.49
27.89,43.49
27.89,43.49
27.89,43.52
27.89,43.56
27.89,43.62
27.89,43.71
27.89,43.78
27.89,43.8
27.89,43.78
27.89,43.77
27.89,43.71
27.89,43.68
27.89,43.64
27.89,43.61
27.89,43.59
27.89,43.58
27.89,43.55
27.89,43.52
27.89,43.49
27.89,43.46
27.89,43.42
27.89,43.42
27.89,43.38
27.89,43.37
27.89,43.4
27.89,43.4
27.89,43.43
27.89,43.46
27.89,43.47
27.89,43.49
27.89,43.49
27.89,43.5
27.89,43.48
27.89,43.48
27.88,43.45
27.88,43.45
27.88,43.45
27.88,43.5
27.88,43.52
27.88,43.53
27.88,43.54
27.88,43.55
27.88,43.53
27.88,43.52
27.88,43.51
27.88,43.5
27.88,43.5
27.88,43.53
27.88,43.55
27.88,43.56
27.88,43.59
27.88,43.62
27.88,43.66
27.87,43.69
27.87,43.7
27.87,43.71
27.87,43.69
27.87,43.69
27.87,43.69
27.87,43.69
27.87,43.71
27.87,43.74
27.87,43.76
27.87,43.76
27.87,43.8
27.87,43.83
27.87,43.87
27.87,43.88
27.87,43.91
27.87,43.91
27.87,43.93
27.87,43.95
27.88,43.94
27.88,43.93
27.88,43.94
27.88,43.94
27.88,43.94
27.88,43.93
27.88,43.93
27.88,43.94
27.88,43.97
27.88,43.99
27.88,43.99
27.88,43.99
27.88,44.0
27.88,44.01
27.88,44.03
27.89,44.02
27.89,44.05
27.89,44.02
27.89,44.02
27.89,44.0
27.89,43.97
27.89,43.96
27.89,43.95
27.89,43.9
27.89,43.86
27.89,43.83
27.89,43.81
27.89,43.78
27.89,43.75
27.89,43.7
27.89,43.67
27.89,43.62
27.89,43.61
27.89,43.62
27.9,43.59
28.11,44.35
28.51,50.31
28.92,54.55
29.3,57.0
29.65,58.33
29.97,59.05
30.25,59.38
30.49,59.57
30.69,59.69
30.87,59.82
31.02,59.91
31.14,60.02
31.25,60.12
31.35,60.24
31.43,60.35
31.42,60.84
31.38,59.32
31.31,55.68
31.23,52.59
31.15,50.09
31.05,48.2
30.96,46.82
30.87,45.68
30.78,44.74
30.69,44.04
30.61,43.56
30.53,43.15
30.45,42.81
30.38,42.55
30.31,42.35
30.24,42.17
30.18,42.03
30.12,41.93
30.06,41.84
30.0,41.79
29.95,41.78
29.9,41.75
29.86,41.76
29.81,41.74
29.76,41.76
29.72,41.75
29.68,41.79
29.64,41.87
29.6,41.98
29.56,42.14
29.53,42.27
29.49,42.34
29.46,42.35
29.42,42.41
29.39,42.51
29.36,42.65
29.33,42.69
29.31,42.7
29.28,42.68
29.25,42.66
29.22,42.62
29.19,42.57
29.16,42.47
29.13,42.35
29.1,42.21
29.07,42.09
29.04,42.03
29.02,42.01
28.99,42.02
28.96,42.09
28.94,42.14
28.92,42.24
28.89,42.3
28.87,42.29
28.85,42.26
28.82,42.23
28.8,42.24
28.78,42.25
28.76,42.27
28.74,42.31
28.73,42.34
28.71,42.36
28.69,42.4
28.68,42.46
28.66,42.51
28.65,42.55
28.63,42.59
28.62,42.64
28.6,42.66
28.59,42.68
28.57,42.67
28.56,42.69
28.55,42.69
28.53,42.72
28.51,42.73
28.5,42.71
28.49,42.69
28.47,42.65
28.45,42.63
28.44,42.63
28.42,42.64
28.4,42.68
28.39,42.69
28.38,42.74
28.36,42.79
28.35,42.82
28.34,42.88
28.32,42.92
28.31,42.95
28.3,42.96
28.29,42.95
28.28,42.96
28.27,42.98
28.26,42.99
28.24,43.0
28.23,43.03
28.22,43.08
28.21,43.13
28.2,43.19
28.19,43.26
28.18,43.32
28.17,43.37
28.17,43.39
28.16,43.44
28.16,43.52
28.15,43.6
28.14,43.67
28.14,43.77
28.13,43.9
28.13,43.98
28.13,44.07
28.12,44.17
28.12,44.27
28.11,44.32
28.11,44.33
28.1,44.29
28.1,44.21
28.09,44.12
28.09,44.05
28.08,43.99
28.07,43.95
28.07,43.92
28.06,43.91
28.05,43.9
28.05,43.87
28.04,43.83
28.03,43.81
28.03,43.82
28.02,43.8
28.01,43.75
28.01,43.74
28.0,43.78
27.99,43.84
27.99,43.9
27.99,43.95
27.98,43.99
27.98,44.0
27.98,44.01
27.97,44.02
27.97,44.07
27.97,44.1
27.96,44.1
27.96,44.08
27.96,44.07
27.96,44.06
27.95,44.03
27.95,43.99
27.95,43.96
27.94,43.95
27.94,43.97
27.94,43.99
27.94,44.02
27.93,44.02
27.93,44.02
27.93,44.03
27.93,44.01
27.93,43.97
27.92,43.97
27.92,43.98
27.92,44.0
27.92,44.01
27.91,44.02
27.91,44.05
27.91,44.11
27.91,44.14
27.91,44.13
27.93,44.19
28.08,48.42
28.26,53.88
28.45,57.56
28.64,59.72
28.73,60.93
28.77,60.45
28.79,58.36
28.8,56.06
28.79,53.82
28.78,51.99
28.76,50.54
28.75,49.33
28.73,48.38
28.71,47.62
28.68,46.92
28.66,46.34
28.64,45.84
28.62,45.49
28.59,45.19
28.57,44.93
28.56,44.73
28.54,44.58
28.52,44.43
28.5,44.27
28.49,44.15
28.47,44.07
28.45,44.01
28.44,43.96
28.42,43.94
28.41,43.9
28.39,43.9
28.38,43.89
28.37,43.87
28.35,43.85
28.34,43.87
28.33,43.91
28.32,43.97
28.31,44.03
28.3,44.07
28.36,44.34
28.49,48.66
28.64,53.25
28.79,56.41
28.93,58.46
29.06,59.76
29.17,60.59
29.18,61.29
29.17,59.99
29.16,57.85
29.13,55.3
29.11,53.09
29.07,51.29
29.04,49.75
29.01,48.47
28.98,47.43
28.95,46.7
28.92,46.11
28.9,45.63
28.87,45.21
28.85,44.91
28.82,44.71
28.8,44.55
28.78,44.41
28.76,44.29
28.74,44.18
28.72,44.09
28.7,43.99
28.68,43.87
28.66,43.74
28.64,43.62
28.62,43.5
28.61,44.04
28.59,45.18
28.57,45.59
28.55,45.56
30.28,43.75
29.74,43.66
29.33,43.74
29.02,43.82
28.78,43.88
28.6,43.93
28.46,43.95
28.36,43.98
28.28,44.0
28.21,44.0
28.17,44.02
28.13,44.02
28.1,44.01
28.08,44.0
28.06,43.99
28.04,44.0
28.03,44.0
28.02,43.98
28.01,43.98
28.0,43.97
28.0,43.97
27.99,43.98
27.99,44.0
27.98,44.03
27.97,44.03
27.97,44.06
27.96,44.08
27.96,44.12
27.95,44.15
27.95,44.17
27.94,44.18
27.94,44.2
27.94,44.2
27.93,44.22
27.93,44.25
27.93,44.28
27.93,44.3
27.92,44.32
27.92,44.35
27.92,44.37
27.91,44.37
27.91,44.39
27.91,44.42
27.9,44.45
27.9,44.48
27.9,44.49
27.89,44.49
27.89,44.48
27.89,44.48
27.88,44.47
27.88,44.43
27.88,44.42
27.88,44.42
27.88,44.41
27.87,44.41
27.87,44.4
27.87,44.4
27.87,44.39
28.02,46.75
28.23,51.58
28.37,55.37
28.5,57.99
28.62,59.84
28.72,61.04
28.82,61.73
28.92,62.15
29.01,62.36
29.1,62.56
29.14,62.0
29.17,58.98
29.2,55.74
29.22,53.13
29.23,51.04
29.23,49.42
29.22,48.18
29.22,47.2
29.21,46.38
29.19,45.71
29.18,45.19
29.16,44.77
29.14,44.43
29.12,44.16
29.1,43.95
29.08,43.77
29.06,43.63
29.04,43.5
29.02,43.41
29.0,43.33
28.97,43.28
28.95,43.23
28.93,43.19
28.91,43.17
28.89,43.15
28.87,43.14
28.85,43.11
28.84,43.11
28.82,43.1
28.8,43.1
28.78,43.09
28.77,43.09
28.75,43.1
28.73,43.09
28.72,43.09
28.7,43.09
28.68,43.1
28.8,43.54
29.03,47.37
29.27,51.85
29.5,55.02
29.7,57.09
29.89,58.43
30.05,59.29
30.19,59.97
30.31,60.46
30.42,60.82
30.51,61.14
30.58,61.4
30.65,61.65
30.71,61.89
30.75,62.65
30.72,62.5
30.67,60.18
30.62,57.78
30.56,55.19
30.5,52.96
30.45,51.37
30.41,51.76
30.36,53.07
30.32,53.95
30.27,54.28
30.23,53.9
30.19,53.56
30.15,52.75
30.1,51.85
30.06,50.73
30.02,49.96
29.97,49.26
29.93,48.53
29.88,47.9
29.84,47.34
29.8,46.77
29.76,46.22
29.72,45.71
29.68,45.24
29.65,44.83
29.61,44.5
29.58,44.18
29.54,43.94
29.51,43.76
29.48,43.68
29.45,43.63
29.42,43.56
29.4,43.49
29.37,43.42
29.34,43.36
29.31,43.29
29.29,43.22
29.27,43.15
29.24,43.11
29.22,43.07
29.19,43.04
29.17,43.0
29.15,42.98
29.13,42.95
29.1,42.94
29.08,42.91
29.06,42.91
29.04,42.91
29.02,42.91
29.0,42.92
28.98,42.93
28.96,42.93
28.95,42.95
28.93,42.98
28.91,42.99
28.89,43.02
28.88,43.05
28.86,43.07
28.84,43.11
28.83,43.14
28.81,43.17
28.8,43.18
28.78,43.19
28.76,43.19
28.75,43.23
28.73,43.23
28.72,43.25
28.7,43.27
28.69,43.33
28.68,43.34
28.66,43.38
28.65,43.39
28.64,43.43
28.62,43.48
28.61,43.51
28.6,43.54
28.59,43.56
28.58,43.59
28.56,43.61
28.55,43.62
28.54,43.64
28.53,43.65
28.52,43.67
28.51,43.67
28.49,43.67
28.48,43.68
28.47,43.68
28.46,43.69
28.45,43.71
28.44,43.71
28.43,43.74
28.42,43.75
28.41,43.75
28.4,43.78
28.39,43.78
28.38,43.8
28.38,43.82
28.37,43.83
28.36,43.84
28.35,43.86
28.34,43.86
28.33,43.87
28.33,43.91
28.32,43.92
28.31,43.93
28.3,43.94
28.3,43.97
28.29,44.0
28.28,44.02
28.28,44.05
28.27,44.07
28.26,44.1
28.26,44.11
28.25,44.13
28.24,44.15
28.24,44.17
28.23,44.18
28.23,44.19
28.22,44.2
28.21,44.21
28.21,44.22
28.2,44.22
28.2,44.23
28.19,44.23
28.19,44.22
28.18,44.23
28.18,44.22
28.17,44.23
28.17,44.24
28.16,44.28
28.16,44.29
28.15,44.32
28.15,44.32
28.15,44.34
28.14,44.34
28.14,44.39
28.13,44.42
28.13,44.47
28.13,44.52
28.12,44.58
28.12,44.63
28.11,44.66
28.11,44.67
28.11,44.67
28.1,44.69
28.1,44.7
28.09,44.7
28.09,44.73
28.09,44.76
28.08,44.76
28.08,44.77
28.08,44.78
28.08,44.79
28.07,44.81
28.07,44.85
28.06,44.87
28.06,44.93
28.06,44.96
28.06,45.02
28.05,45.07
28.05,45.1
28.05,45.11
28.04,45.12
28.04,45.12
28.04,45.07
28.03,45.05
28.03,45.02
28.03,44.99
28.03,44.98
28.02,44.97
28.02,44.97
28.02,44.97
28.02,44.97
28.01,44.99
28.01,44.99
28.01,44.99
28.0,44.97
28.0,44.99
28.0,45.03
28.0,45.02
27.99,45.01
27.99,45.01
27.99,45.02
27.99,45.0
27.98,44.98
27.98,44.97
27.98,44.95
27.98,44.96
27.97,44.94
27.97,44.96
27.97,44.98
27.97,44.97
27.97,44.99
27.96,44.99
27.96,45.0
27.96,45.02
27.96,45.01
27.95,45.01
27.95,45.04
27.95,45.05
27.95,45.04
27.94,45.06
27.94,45.03
27.94,45.03
27.94,45.03
27.94,45.02
27.94,45.01
27.93,44.98
27.93,44.98
27.93,44.97
27.93,44.95
27.93,44.92
27.93,44.89
27.93,44.87
27.92,44.86
27.92,44.84
27.92,44.84
27.92,44.86
27.92,44.87
27.92,44.9
27.91,44.91
27.91,44.93
27.91,44.93
27.91,44.94
27.91,44.96
27.91,44.96
27.91,44.96
27.9,44.98
27.9,44.98
27.9,45.01
27.9,45.01
27.9,45.04
27.9,45.03
27.89,45.01
27.89,45.03
27.89,45.05
27.89,45.06
27.89,45.06
27.89,45.06
27.89,45.06
27.89,45.07
27.89,45.07
27.89,45.09
27.88,45.1
27.88,45.1
27.88,45.13
27.88,45.13
27.88,45.15
27.88,45.16
27.88,45.2
27.88,45.22
27.88,45.26
27.88,45.28
27.88,45.32
27.88,45.34
27.88,45.38
27.88,45.41
27.88,45.48
27.87,45.54
27.87,45.59
27.87,45.64
27.88,45.65
27.87,45.65
27.87,45.62
27.87,45.6
27.87,45.57
27.87,45.57
27.87,45.56
27.87,45.54
27.87,45.51
27.87,45.51
27.87,45.53
27.87,45.51
27.87,45.51
27.87,45.5
27.87,45.49
27.87,45.5
27.87,45.49
27.87,45.5
27.87,45.5
27.87,45.51
27.87,45.52
27.87,45.53
27.86,45.53
27.86,45.54
27.86,45.57
27.86,45.57
27.86,45.57
27.86,45.55
27.86,45.54
27.86,45.55
27.86,45.53
27.86,45.53
27.86,45.53
27.85,45.53
27.85,45.54
27.85,45.55
27.85,45.54
27.85,45.54
27.85,45.53
27.85,45.53
27.85,45.55
27.85,45.57
27.85,45.59
27.85,45.6
27.85,45.58
27.85,45.58
27.85,45.58
27.85,45.6
27.85,45.6
27.85,45.6
27.84,45.61
27.84,45.64
27.84,45.65
27.84,45.67
27.84,45.67
27.84,45.71
27.84,45.72
27.84,45.75
27.84,45.76
27.84,45.77
27.84,45.77
27.84,45.7
27.84,45.64
27.84,45.56
27.84,45.47
27.84,45.43
27.84,45.41
27.84,45.4
27.84,45.4
27.84,45.41
27.84,45.42
27.84,45.46
27.84,45.5
27.84,45.56
27.84,45.61
27.84,45.66
27.84,45.7
27.84,45.77
27.84,45.78
27.84,45.82
27.84,45.85
27.84,45.85
27.84,45.83
27.84,45.8
27.84,45.76
27.84,45.71
27.83,45.66
27.83,45.62
27.83,45.58
27.83,45.55
27.83,45.54
27.83,45.53
27.83,45.52
27.83,45.51
27.83,45.53
27.84,45.53
27.84,45.54
27.84,45.56
27.84,45.57
27.84,45.59
27.83,45.59
27.83,45.59
27.83,45.6
27.83,45.59
27.83,45.6
27.83,45.59
27.83,45.58
27.83,45.54
27.83,45.53
27.83,45.51
27.83,45.5
27.83,45.52
27.83,45.52
27.83,45.53
27.83,45.53
27.83,45.56
27.83,45.55
27.83,45.55
27.83,45.54
27.83,45.56
27.83,45.56
27.83,45.56
27.83,45.56
27.83,45.58
27.83,45.59
27.83,45.6
27.83,45.6
27.83,45.61
27.83,45.61
27.83,45.62
27.83,45.61
27.83,45.59
27.83,45.61
27.83,45.6
27.83,45.61
27.83,45.61
27.83,45.62
27.83,45.61
27.83,45.62
27.83,45.61
27.83,45.58
27.83,45.57
27.83,45.58
27.83,45.58
27.83,45.59
27.83,45.59
27.83,45.59
27.83,45.62
27.83,45.61
27.83,45.61
27.83,45.64
27.83,45.64
27.83,45.64
27.83,45.65
27.83,45.64
27.83,45.64
27.83,45.63
27.83,45.62
27.83,45.61
27.83,45.58
27.83,45.55
27.83,45.53
27.83,45.52
27.84,45.52
27.84,45.49
27.84,45.49
27.84,45.49
27.83,45.47
27.84,45.49
27.84,45.48
27.84,45.47
27.84,45.44
27.84,45.45
27.84,45.46
27.84,45.45
27.84,45.45
27.84,45.46
27.84,45.48
27.84,45.48
27.84,45.49
27.84,45.49
27.84,45.49
27.84,45.46
27.84,45.44
27.84,45.45
27.84,45.44
27.84,45.42
27.84,45.41
27.84,45.4
27.84,45.38
27.84,45.35
27.84,45.33
27.84,45.3
27.84,45.28
27.84,45.28
27.84,45.27
27.84,45.27
27.84,45.26
27.84,45.25
27.84,45.25
27.84,45.23
27.84,45.23
27.84,45.23
27.84,45.22
27.84,45.22
27.84,45.2
27.84,45.2
27.84,45.19
27.84,45.2
27.84,45.2
27.84,45.2
27.84,45.21
27.84,45.21
27.84,45.21
27.84,45.21
27.84,45.22
27.84,45.22
27.84,45.21
27.84,45.23
27.84,45.23
27.84,45.25
27.84,45.26
27.84,45.29
27.84,45.32
27.84,45.36
27.84,45.39
27.84,45.41
27.84,45.43
27.84,45.46
27.84,45.47
27.84,45.47
27.84,45.49
27.84,45.51
27.84,45.51
27.84,45.52
27.84,45.51
27.84,45.49
27.84,45.48
27.84,45.46
27.84,45.44
27.84,45.44
27.84,45.4
27.84,45.38
27.83,45.34
27.83,45.3
27.83,45.29
27.83,45.28
27.83,45.28
27.83,45.32
27.83,45.37
27.83,45.42
27.83,45.46
27.83,45.48
27.83,45.52
27.83,45.56
27.84,45.58
27.83,45.61
27.83,45.64
27.83,45.64
27.83,45.65
27.83,45.64
27.84,45.64
27.83,45.64
27.84,45.64
27.83,45.65
27.83,45.65
27.83,45.65
27.83,45.67
27.83,45.67
27.83,45.67
27.84,45.67
27.84,45.69
27.83,45.7
27.83,45.71
27.83,45.73
27.83,45.76
27.83,45.77
27.83,45.78
27.83,45.81
27.83,45.83
27.83,45.82
27.83,45.83
27.83,45.83
27.83,45.81
27.83,45.81
27.83,45.81
27.83,45.82
27.83,45.82
27.83,45.82
27.83,45.85
27.83,45.93
27.83,45.98
27.83,46.08
27.83,46.14
27.83,46.18
27.84,46.2
27.83,46.18
27.83,46.19
27.83,46.2
27.83,46.2
27.83,46.24
27.83,46.26
27.83,46.27
27.83,46.27
27.83,46.26
27.83,46.25
27.83,46.27
27.83,46.32
27.83,46.32
27.83,46.32
27.83,46.28
27.83,46.26
27.83,46.21
27.83,46.18
27.83,46.15
27.83,46.14
27.83,46.15
27.83,46.17
27.83,46.15
27.83,46.14
27.83,46.12
27.83,46.11
27.83,46.1
27.83,46.12
27.83,46.1
27.83,46.09
27.83,46.09
27.83,46.1
27.83,46.15
27.83,46.18
27.82,46.22
27.82,46.24
27.82,46.26
27.82,46.28
27.82,46.3
27.83,46.33
27.83,46.36
27.83,46.37
27.83,46.41
27.83,46.44
27.83,46.48
27.83,46.51
27.83,46.53
27.83,46.52
27.83,46.5
27.83,46.48
27.83,46.45
27.83,46.42
27.83,46.42
27.83,46.42
27.83,46.42
27.83,46.45
27.84,46.44
27.84,46.42
27.83,46.44
27.83,46.41
27.83,46.38
27.84,46.36
27.84,46.35
27.84,46.32
27.84,46.29
27.84,46.27
27.84,46.24
27.84,46.21
27.84,46.17
27.84,46.12
27.84,46.1
27.84,46.06
27.84,46.04
27.84,46.05
27.84,46.06
27.84,46.09
27.84,46.09
27.84,46.09
27.84,46.08
27.84,46.06
27.84,46.0
27.84,45.96
27.84,45.89
27.84,45.86
27.84,45.83
27.84,45.82
27.84,45.84
27.84,45.86
27.84,45.87
27.84,45.89
27.84,45.88
27.84,45.87
27.84,45.85
27.84,45.82
27.84,45.79
27.84,45.76
27.84,45.72
27.84,45.7
27.84,45.68
27.84,45.68
27.84,45.67
27.84,45.67
27.84,45.65
27.84,45.65
27.84,45.63
27.84,45.63
27.84,45.62
27.84,45.63
27.84,45.63
27.84,45.65
27.84,45.64
27.84,45.66
27.84,45.67
27.84,45.7
27.84,45.71
27.84,45.7
27.84,45.72
27.85,45.74
27.85,45.76
27.85,45.76
27.85,45.77
27.85,45.79
27.85,45.78
27.85,45.78
27.85,45.78
27.85,45.78
27.85,45.78
27.85,45.79
27.85,45.8
27.85,45.79
27.85,45.8
27.85,45.81
27.85,45.82
27.85,45.82
27.85,45.82
27.85,45.84
27.85,45.83
27.85,45.82
27.85,45.84
27.85,45.84
27.85,45.84
27.85,45.84
27.85,45.85
27.86,45.87
27.85,45.87
27.85,45.86
27.85,45.87
27.86,45.86
27.86,45.87
27.86,45.87
27.86,45.88
27.86,45.88
27.86,45.89
27.86,45.88
27.86,45.87
27.86,45.88
27.86,45.88
27.86,45.88
27.86,45.86
27.86,45.88
27.86,45.88
27.86,45.87
27.86,45.89
27.86,45.87
27.86,45.88
27.86,45.86
27.86,45.87
27.86,45.88
27.86,45.88
27.86,45.86
27.86,45.87
27.86,45.86
27.86,45.84
27.86,45.83
27.86,45.83
27.86,45.83
27.86,45.83
27.86,45.84
27.86,45.84
27.86,45.84
27.86,45.84
27.86,45.83
27.86,45.83
27.86,45.83
27.86,45.83
27.87,45.81
27.87,45.8
27.87,45.78
27.87,45.7
27.87,45.65
27.87,45.6
27.87,45.55
27.87,45.5
27.87,45.48
27.87,45.48
27.86,45.48
27.86,45.5
27.86,45.53
27.87,45.58
27.87,45.61
27.87,45.61
27.87,45.65
27.87,45.64
27.87,45.64
27.87,45.65
27.87,45.66
27.87,45.65
27.87,45.67
27.87,45.66
27.87,45.66
27.87,45.66
27.87,45.68
27.87,45.67
27.87,45.66
27.87,45.65
27.87,45.65
27.87,45.65
27.87,45.66
27.87,45.67
27.87,45.68
27.87,45.69
27.87,45.72
27.87,45.73
27.87,45.75
27.87,45.77
27.87,45.78
27.87,45.78
27.87,45.77
27.87,45.78
27.87,45.77
27.87,45.78
27.87,45.8
27.87,45.8
27.87,45.8
27.87,45.82
27.87,45.83
27.87,45.83
27.87,45.83
27.87,45.84
27.87,45.83
27.87,45.85
27.87,45.85
27.87,45.84
27.87,45.85
27.87,45.84
27.87,45.86
27.87,45.87
27.87,45.86
27.87,45.86
27.87,45.88
27.87,45.88
27.87,45.87
27.87,45.88
27.87,45.88
27.87,45.87
27.87,45.89
27.87,45.88
27.87,45.89
27.87,45.89
27.87,45.89
27.87,45.89
27.87,45.9
27.87,45.91
27.87,45.91
27.87,45.92
27.87,45.91
27.87,45.92
27.87,45.92
27.87,45.92
27.87,45.93
27.87,45.94
27.88,45.95
27.88,45.98
27.88,46.0
27.87,46.01
27.88,46.01
27.88,46.03
27.88,46.04
27.88,46.02
27.88,46.02
27.88,46.02
27.88,46.01
27.88,46.01
27.88,46.0
27.88,46.0
27.88,46.0
27.88,46.0
27.88,46.01
27.88,46.01
27.88,46.01
27.88,46.0
27.88,45.99
27.88,45.99
27.88,45.98
27.88,45.98
27.88,45.95
27.88,45.91
27.88,45.91
27.88,45.9
27.88,45.88
27.88,45.88
27.88,45.89
27.88,45.91
27.88,45.89
27.88,45.85
27.87,45.77
27.87,45.72
27.87,45.68
27.87,45.69
27.87,45.7
27.87,45.72
27.87,45.75
27.87,45.77
27.87,45.82
27.87,45.86
27.87,45.89
27.87,45.92
27.87,45.95
27.87,46.0
27.87,46.03
27.87,46.07
27.87,46.09
27.87,46.12
27.87,46.14
27.87,46.13
27.87,46.13
27.87,46.12
27.87,46.11
27.87,46.08
27.87,46.07
27.87,46.06
27.87,46.05
27.87,46.03
27.87,46.03
27.87,46.01
27.87,46.0
27.87,46.0
27.87,45.99
27.87,45.98
27.87,45.99
27.87,45.96
27.87,45.95
27.87,45.91
27.87,45.87
27.87,45.86
27.87,45.84
27.87,45.8
27.87,45.78
27.87,45.78
27.87,45.79
27.87,45.78
27.87,45.8
27.87,45.83
27.87,45.84
27.87,45.84
27.87,45.86
27.87,45.87
27.87,45.89
27.87,45.91
27.87,45.95
27.87,45.96
27.87,45.99
27.87,46.01
27.87,46.01
27.87,46.05
27.87,46.04
27.87,46.03
27.87,46.03
27.87,46.03
27.87,45.99
27.87,46.01
27.87,46.0
27.87,46.02
27.87,46.04
27.87,46.06
27.87,46.07
27.87,46.09
27.87,46.13
27.87,46.18
27.87,46.22
27.87,46.23
27.87,46.23
27.87,46.22
27.87,46.18
27.87,46.16
27.87,46.11
27.87,46.09
27.87,46.08
27.87,46.03
27.87,46.01
27.87,45.98
27.87,45.98
27.87,45.97
27.87,45.98
27.87,45.99
27.87,46.01
27.87,46.01
27.87,46.03
27.87,46.08
27.87,46.13
27.87,46.19
27.87,46.24
27.87,46.27
27.87,46.32
27.88,46.36
27.88,46.41
27.88,46.47
27.88,46.56
27.88,46.67
27.88,46.78
27.88,46.88
27.88,46.97
27.88,47.04
27.88,47.1
27.88,47.15
27.88,47.21
27.88,47.24
27.88,47.28
27.88,47.31
27.88,47.36
27.88,47.37
27.88,47.4
27.88,47.38
27.88,47.36
27.88,47.37
27.88,47.33
27.88,47.29
27.88,47.27
27.88,47.2
27.88,47.14
27.88,47.07
27.88,47.0
27.88,46.95
27.88,46.9
27.88,46.84
27.88,46.81
27.88,46.78
27.88,46.73
27.88,46.72
27.88,46.68
27.88,46.7
27.88,46.68
27.88,46.67
27.88,46.64
27.88,46.62
27.88,46.59
27.88,46.6
27.88,46.61
27.88,46.64
27.88,46.68
27.88,46.74
27.88,46.78
27.89,46.81
27.89,46.85
27.89,46.88
27.89,46.92
27.89,46.92
27.89,46.92
27.89,46.9
27.89,46.88
27.89,46.87
27.89,46.85
27.89,46.82
27.89,46.77
27.89,46.75
27.89,46.7
27.89,46.67
27.89,46.65
27.89,46.68
27.89,46.73
27.88,46.74
27.88,46.78
27.88,46.78
27.88,46.8
27.88,46.81
27.88,46.81
27.88,46.82
27.88,46.84
27.88,46.84
27.88,46.88
27.88,46.88
27.88,46.9
27.88,46.93
27.88,46.97
27.88,47.01
27.88,46.99
27.88,46.97
27.88,46.89
27.88,46.81
27.88,46.74
27.88,46.67
27.88,46.62
27.88,46.59
27.88,46.56
27.88,46.56
27.88,46.55
27.88,46.58
27.88,46.61
27.88,46.62
27.88,46.64
27.88,46.71
27.88,46.8
27.88,46.82
27.88,46.84
27.88,46.85
27.88,46.85
27.88,46.8
27.88,46.71
27.88,46.64
27.88,46.55
27.88,46.5
27.88,46.45
27.88,46.42
27.88,46.38
27.88,46.35
27.88,46.34
27.88,46.31
27.88,46.29
27.88,46.27
27.88,46.24
27.88,46.21
27.88,46.19
27.88,46.18
27.88,46.16
27.88,46.16
27.88,46.19
27.88,46.2
27.88,46.25
27.87,46.3
27.88,46.35
27.87,46.35
27.88,46.35
27.87,46.36
27.88,46.39
27.88,46.42
27.87,46.47
27.87,46.52
27.87,46.56
27.88,46.57
27.88,46.61
27.88,46.62
27.88,46.65
27.88,46.68
27.88,46.72
27.88,46.72
27.88,46.71
27.88,46.71
27.88,46.73
27.88,46.73
27.87,46.74
27.87,46.76
27.87,46.77
27.87,46.78
27.88,46.82
27.87,46.85
27.88,46.88
27.87,46.96
27.88,47.03
27.88,47.14
27.88,47.24
27.88,47.31
27.88,47.39
27.88,47.44
27.88,47.45
27.88,47.4
27.88,47.28
27.88,47.15
27.88,47.02
27.88,46.93
27.88,46.86
27.88,46.83
27.87,46.8
27.87,46.82
27.87,46.84
27.87,46.9
27.88,46.96
27.88,47.02
27.88,47.07
27.88,47.12
27.88,47.19
27.88,47.24
27.88,47.27
27.88,47.32
27.88,47.34
27.88,47.34
27.88,47.3
27.88,47.23
27.88,47.13
27.88,47.0
27.88,46.93
27.88,46.93
27.88,46.96
27.88,46.97
27.88,46.98
27.87,46.96
27.87,46.9
27.87,46.84
27.87,46.74
27.87,46.65
27.87,46.57
27.87,46.51
27.87,46.45
27.87,46.41
27.87,46.39
27.87,46.36
27.87,46.36
27.87,46.54
27.88,46.76
27.88,46.94
27.88,47.03
27.88,47.05
27.88,47.01
27.88,46.96
27.88,46.91
27.88,46.85
27.88,46.8
27.88,46.75
27.88,46.72
27.88,46.71
27.89,46.72
27.89,46.71
27.89,46.69
27.88,46.66
27.88,46.66
27.88,46.67
27.88,46.66
27.88,46.68
27.88,46.65
27.88,46.65
27.88,46.61
27.88,46.58
27.88,46.59
27.9,46.59
28.34,51.31
28.8,57.13
28.94,61.08
28.99,62.61
29.01,61.82
29.01,59.67
29.0,57.32
28.98,55.24
28.96,53.47
28.93,52.01
28.9,50.8
28.87,49.84
28.85,49.07
28.82,48.49
28.79,48.01
28.76,47.66
28.74,47.36
28.71,47.11
28.69,46.9
28.67,46.68
28.65,46.5
28.63,46.33
28.61,46.23
28.6,46.16
28.58,46.11
28.56,46.09
28.55,46.07
28.53,46.03
28.52,46.0
28.5,45.98
28.49,45.95
28.48,45.96
28.47,45.93
28.45,45.92
28.44,45.9
28.43,45.9
28.42,45.86
28.41,45.84
28.4,45.81
28.39,45.76
28.38,45.75
28.37,45.74
28.37,45.74
28.36,45.76
28.35,45.75
28.34,45.76
28.33,45.75
28.32,45.73
28.32,45.71
28.31,45.71
28.3,45.69
28.29,45.7
28.29,45.69
28.28,45.67
28.27,45.65
28.27,45.64
28.26,45.65
28.25,45.65
28.25,45.67
28.24,45.67
28.23,45.7
28.23,45.73
28.22,45.8
28.22,45.83
28.21,45.86
28.21,45.87
28.2,45.86
28.2,45.86
28.19,45.87
28.19,45.88
28.18,45.9
28.18,45.92
28.18,45.97
28.17,46.0
28.17,46.0
28.16,45.99
28.16,45.99
28.15,45.99
28.15,46.01
28.15,46.01
28.14,45.99
28.14,45.95
28.13,45.94
28.13,45.99
28.13,46.03
28.12,46.06
28.12,46.04
28.11,46.0
28.11,45.98
28.11,45.96
28.11,45.95
28.1,45.95
28.1,45.93
28.09,45.93
28.09,45.96
28.09,45.97
28.09,45.96
28.08,45.99
28.08,46.01
28.08,46.06
28.07,46.11
28.07,46.13
28.07,46.14
28.06,46.12
28.06,46.11
28.06,46.1
28.06,46.09
28.06,46.08
28.05,46.05
28.05,46.02
28.05,45.99
28.04,45.94
28.04,45.91
28.04,45.91
28.04,45.9
28.04,45.9
28.03,45.9
28.03,45.9
28.03,45.93
28.03,45.98
28.03,46.01
28.02,46.08
28.02,46.16
28.02,46.22
28.02,46.29
28.02,46.36
28.02,46.42
28.02,46.51
28.02,46.63
28.01,46.76
28.01,46.89
28.01,47.0
28.01,47.11
28.01,47.2
28.01,47.27
28.01,47.3
28.0,47.36
28.0,47.36
28.0,47.34
28.0,47.3
28.0,47.25
28.0,47.17
27.99,47.09
27.99,46.99
27.99,46.92
27.99,46.85
27.99,46.79
27.99,46.76
27.99,46.75
27.98,46.75
27.98,46.73
27.98,46.71
27.98,46.68
27.98,46.63
27.98,46.64
27.98,46.63
27.98,46.67
27.98,46.7
27.98,46.73
27.98,46.76
27.97,46.78
27.97,46.81
27.97,46.8
27.97,46.79
27.97,46.8
27.97,46.78
27.97,46.77
27.97,46.71
27.97,46.66
27.97,46.65
27.97,46.66
27.96,46.66
27.96,46.65
27.96,46.66
27.96,46.64
27.96,46.65
27.96,46.65
27.96,46.64
27.96,46.68
27.96,46.69
27.96,46.71
27.96,46.73
27.96,46.74
27.96,46.77
27.96,46.79
27.96,46.8
27.96,46.81
27.96,46.84
27.95,46.85
27.95,46.87
27.95,46.89
27.95,46.9
27.95,46.89
27.95,46.85
27.95,46.83
27.95,46.8
27.94,46.79
27.94,46.78
27.94,46.79
27.94,46.78
27.94,46.81
27.94,46.84
27.94,46.87
27.94,46.91
27.94,46.95
27.94,47.0
27.94,47.05
27.94,47.11
27.94,47.14
27.94,47.14
27.94,47.15
27.94,47.14
27.94,47.13
27.94,47.11
27.93,47.09
27.93,47.07
27.93,47.05
27.93,47.03
27.93,46.98
27.93,46.96
27.93,46.91
27.93,46.86
27.93,46.83
27.93,46.78
27.93,46.76
27.92,46.74
27.92,46.72
27.92,46.71
27.92,46.7
27.92,46.71
27.92,46.71
27.92,46.68
27.92,46.68
27.92,46.67
27.92,46.67
27.92,46.66
27.92,46.66
27.92,46.65
27.91,46.64
27.91,46.65
27.91,46.65
27.91,46.64
27.91,46.65
27.91,46.65
27.91,46.64
27.91,46.66
27.91,46.65
27.91,46.67
27.91,46.67
27.91,46.69
27.91,46.71
27.91,46.71
27.91,46.7
27.91,46.71
27.91,46.7
27.91,46.69
27.91,46.68
27.91,46.65
27.91,46.66
27.91,46.64
27.91,46.64
27.91,46.63
27.91,46.63
27.91,46.64
27.91,46.64
27.91,46.66
27.9,46.66
27.9,46.67
27.9,46.67
27.9,46.71
27.9,46.72
27.9,46.74
27.9,46.78
27.9,46.81
27.9,46.84
27.9,46.86
27.9,46.86
27.9,46.87
27.9,46.88
27.9,46.89
27.9,46.9
27.9,46.95
27.9,46.96
27.9,46.98
27.9,46.98
27.9,46.99
27.9,46.99
27.9,46.99
27.9,47.0
27.9,47.05
27.9,47.07
27.9,47.12
27.9,47.13
27.9,47.12
27.9,47.07
27.9,47.04
27.9,46.99
27.9,46.97
27.89,46.96
27.89,46.95
27.89,46.97
27.89,47.02
27.89,47.09
27.89,47.13
27.89,47.16
27.89,47.16
27.89,47.12
27.89,47.07
27.89,47.03
27.89,46.95
27.89,46.88
27.89,46.84
27.89,46.82
27.89,46.8
27.89,46.82
27.89,46.82
27.89,46.84
27.89,46.87
27.89,46.89
27.89,46.9
27.89,46.92
27.89,46.93
27.89,46.95
27.89,46.98
27.89,46.98
27.89,47.01
27.89,47.05
27.89,47.07
27.89,47.11
27.89,47.17
27.89,47.22
27.89,47.25
27.89,47.28
27.89,47.33
27.89,47.37
27.89,47.41
27.89,47.43
27.89,47.45
27.89,47.44
27.89,47.42
27.89,47.41
27.89,47.35
27.89,47.33
27.89,47.28
27.89,47.3
27.89,47.3
27.89,47.33
27.89,47.35
27.89,47.39
27.89,47.43
27.89,47.45
27.89,47.47
27.89,47.49
27.89,47.5
27.89,47.51
27.89,47.5
27.89,47.51
27.89,47.52
27.89,47.52
27.89,47.53
27.89,47.53
27.89,47.55
27.89,47.55
27.89,47.55
27.89,47.56
27.89,47.6
27.89,47.61
27.89,47.62
27.89,47.59
27.89,47.55
27.89,47.5
27.89,47.45
27.89,47.42
27.89,47.42
27.89,47.41
27.89,47.38
27.89,47.38
27.89,47.35
27.89,47.28
27.89,47.24
27.89,47.16
27.89,47.1
27.89,47.07
27.89,47.04
27.89,47.05
27.89,47.05
27.89,47.06
27.88,47.07
27.88,47.07
27.89,47.02
27.89,46.99
27.89,46.94
27.89,46.89
27.89,46.85
27.89,46.82
27.89,46.84
27.89,46.85
27.89,46.87
27.89,46.9
27.89,46.9
27.89,46.92
27.88,46.94
27.89,46.95
27.89,46.96
27.89,46.95
27.89,46.99
27.89,46.99
27.89,47.02
27.89,47.06
27.89,47.1
27.89,47.13
27.89,47.16
27.89,47.21
27.89,47.24
27.89,47.27
27.89,47.29
27.89,47.32
27.89,47.34
27.89,47.33
27.89,47.32
27.89,47.3
27.89,47.28
27.89,47.31
27.89,47.3
27.89,47.29
27.89,47.28
27.89,47.3
27.89,47.32
27.89,47.33
27.89,47.36
27.89,47.36
27.89,47.35
27.89,47.35
27.89,47.33
27.89,47.31
27.89,47.31
27.89,47.26
27.89,47.19
27.89,47.13
27.89,47.05
27.89,47.0
27.88,46.98
27.88,46.95
27.89,46.92
27.88,46.89
27.88,46.89
27.88,46.9
27.88,46.91
27.88,46.93
27.89,46.95
27.88,47.0
27.88,47.02
27.88,47.0
27.88,46.97
27.88,46.92
27.88,46.89
27.88,46.83
27.88,46.79
27.88,46.74
27.88,46.71
27.88,46.68
27.88,46.65
27.88,46.63
27.88,46.61
27.88,46.61
27.89,46.61
27.89,46.59
27.89,46.58
27.89,46.57
27.89,46.56
27.89,46.56
27.89,46.56
27.89,46.56
27.89,46.58
27.89,46.59
27.89,46.62
27.89,46.62
27.89,46.61
27.89,46.6
27.89,46.6
27.89,46.58
27.89,46.56
27.89,46.57
27.89,46.56
27.89,46.58
27.89,46.62
27.89,46.69
27.89,46.74
27.89,46.79
27.89,46.83
27.89,46.87
27.89,46.89
27.89,46.92
27.89,46.95
27.9,46.93
27.9,46.92
27.9,46.9
27.9,46.86
27.9,46.84
27.9,46.81
27.9,46.79
27.9,46.77
27.9,46.75
27.9,46.74
27.9,46.75
27.9,46.76
27.9,46.78
27.9,46.81
27.9,46.87
27.9,46.92
27.9,46.97
27.9,47.01
27.9,47.02
27.9,47.03
27.9,47.0
27.9,47.0
27.9,46.98
27.9,46.97
27.9,46.95
27.9,46.96
27.9,46.97
27.9,46.98
27.9,46.98
27.9,47.0
27.9,47.03
27.9,47.05
27.9,47.06
27.9,47.07
27.9,47.06
27.9,47.04
27.9,47.0
27.9,46.97
27.9,46.95
27.9,46.93
27.9,46.92
27.9,46.92
27.9,46.92
27.9,46.92
27.9,46.94
27.9,46.95
27.9,46.96
27.9,46.96
27.9,46.97
27.9,46.97
27.9,46.96
27.9,46.97
27.9,46.95
27.9,46.94
27.9,46.92
27.9,46.92
27.9,46.92
27.9,46.92
27.91,46.89
27.9,46.89
27.9,46.86
27.9,46.86
27.9,46.85
27.91,46.84
27.91,46.83
27.91,46.84
27.91,46.85
27.9,46.85
27.9,46.89
27.91,46.92
27.91,46.92
27.91,46.91
27.91,46.9
27.91,46.89
27.91,46.89
27.9,46.89
27.9,46.88
27.9,46.88
27.9,46.87
27.9,46.84
27.9,46.83
27.91,46.83
27.9,46.83
27.91,46.84
27.91,46.84
27.9,46.84
27.9,46.82
27.9,46.78
27.9,46.75
27.9,46.74
27.9,46.74
27.9,46.76
27.9,46.77
27.9,46.78
27.9,46.78
27.9,46.8
27.9,46.79
27.9,46.82
27.91,46.91
27.91,47.0
27.91,47.08
27.91,47.15
27.91,47.19
27.91,47.21
27.91,47.18
27.91,47.15
27.91,47.15
27.9,47.12
27.9,47.09
27.9,47.05
27.9,47.0
27.9,46.96
27.91,46.93
27.9,46.9
27.9,46.87
27.9,46.84
27.9,46.83
27.9,46.83
27.9,46.84
27.9,46.84
27.9,46.87
27.9,46.89
27.9,46.9
27.9,46.9
27.9,46.93
27.9,46.9
27.9,46.89
27.9,46.92
27.9,46.93
27.9,46.96
27.89,46.98
27.89,47.0
27.89,47.03
27.89,47.03
27.9,47.03
27.89,47.02
27.9,46.99
27.9,46.96
27.9,46.93
27.9,46.91
27.9,46.88
27.9,46.87
27.9,46.83
27.9,46.83
27.89,46.81
27.9,46.79
27.9,46.76
27.89,46.72
27.89,46.67
27.89,46.61
27.89,46.55
27.89,46.49
27.89,46.43
27.89,46.37
27.9,46.33
27.9,46.29
27.9,46.25
27.9,46.23
27.9,46.22
27.9,46.23
27.9,46.25
27.9,46.29
27.9,46.3
27.9,46.31
27.9,46.32
27.9,46.34
27.9,46.32
27.9,46.37
27.9,46.41
27.9,46.53
27.91,46.66
27.91,46.77
27.91,46.86
27.91,46.87
27.91,46.85
27.91,46.81
27.91,46.78
27.91,46.79
27.91,46.79
27.91,46.79
27.91,46.8
27.91,46.83
27.91,46.81
27.91,46.79
27.91,46.75
27.91,46.71
27.91,46.68
27.91,46.64
27.91,46.59
27.91,46.53
27.91,46.49
27.91,46.45
27.91,46.42
27.91,46.4
27.91,46.34
27.91,46.31
27.91,46.28
27.91,46.3
27.91,46.33
27.91,46.38
27.91,46.42
27.91,46.45
27.91,46.46
27.91,46.44
27.91,46.43
27.91,46.43
27.91,46.42
27.91,46.41
27.91,46.42
27.91,46.43
27.91,46.43
27.91,46.44
27.91,46.42
27.91,46.4
27.91,46.4
27.91,46.42
27.91,46.44
27.91,46.46
27.91,46.46
27.91,46.45
27.91,46.45
27.91,46.43
27.91,46.43
27.91,46.42
27.91,46.39
27.91,46.36
27.91,46.32
27.91,46.28
27.91,46.26
27.91,46.23
27.91,46.2
27.91,46.18
27.91,46.15
27.91,46.13
27.91,46.11
27.91,46.08
27.91,46.07
27.91,46.05
27.91,46.05
27.91,46.02
27.91,46.04
27.91,46.03
27.91,46.03
27.91,46.02
27.91,46.01
27.91,46.02
27.91,46.02
27.91,46.02
27.91,46.02
27.91,46.02
27.91,46.02
27.91,46.05
27.91,46.08
27.91,46.11
27.91,46.1
27.91,46.11
27.91,46.09
27.91,46.09
27.91,46.08
27.91,46.08
27.91,46.06
27.91,46.08
27.91,46.05
27.91,46.04
27.91,46.02
27.9,46.02
27.9,46.06
27.9,46.1
27.9,46.14
27.9,46.2
27.9,46.26
27.9,46.32
27.9,46.35
27.9,46.37
27.9,46.38
27.9,46.41
27.9,46.4
27.9,46.38
27.9,46.37
27.9,46.36
27.9,46.37
27.9,46.35
27.9,46.32
27.9,46.27
27.9,46.23
27.9,46.2
27.9,46.17
27.9,46.14
27.9,46.1
27.9,46.1
27.9,46.1
27.9,46.11
27.9,46.11
27.9,46.13
27.9,46.14
27.9,46.17
27.9,46.19
27.9,46.19
27.9,46.19
27.9,46.2
27.9,46.22
27.9,46.24
27.9,46.25
27.9,46.28
27.9,46.28
27.9,46.29
27.91,46.3
27.9,46.28
27.9,46.28
27.9,46.28
27.9,46.32
27.91,46.36
27.91,46.42
27.9,46.46
27.91,46.54
27.91,46.62
27.91,46.67
27.91,46.73
27.91,46.76
27.91,46.81
27.91,46.88
27.91,46.98
27.91,47.1
27.91,47.22
27.91,47.35
27.91,47.4
27.91,47.43
27.9,47.41
27.9,47.37
27.9,47.29
27.9,47.23
27.9,47.17
27.9,47.12
27.9,47.04
27.9,46.97
27.9,46.96
27.9,46.96
27.9,46.97
27.9,46.97
27.9,46.9
27.9,46.9
27.9,46.9
27.9,46.92
27.9,46.93
27.9,46.92
27.9,46.86
27.9,46.78
27.9,46.67
27.9,46.6
27.9,46.57
27.9,46.49
27.9,46.44
27.9,46.38
27.9,46.35
27.9,46.32
27.9,46.29
27.91,46.26
27.9,46.25
27.9,46.23
27.9,46.23
27.91,46.23
27.9,46.22
27.9,46.2
27.91,46.16
27.91,46.13
27.91,46.09
27.91,46.07
27.9,46.03
27.9,46.04
27.91,46.08
27.91,46.15
27.91,46.21
27.91,46.24
27.91,46.24
27.91,46.22
27.91,46.19
27.91,46.16
27.91,46.11
27.91,46.07
27.91,46.04
27.91,45.98
27.91,45.98
27.91,45.96
27.91,45.98
27.92,45.99
27.92,46.0
27.92,46.03
27.92,46.04
27.92,46.06
27.92,46.06
27.92,46.05
27.92,46.07
27.92,46.09
27.92,46.15
27.92,46.25
27.92,46.35
27.93,46.42
27.93,46.46
27.93,46.48
27.93,46.48
27.93,46.47
27.93,46.43
27.93,46.44
27.93,46.45
27.93,46.51
27.93,46.59
27.93,46.65
27.93,46.74
27.93,46.81
27.93,46.87
27.93,46.91
27.93,46.95
27.93,46.96
27.93,46.97
27.93,47.02
27.93,47.01
27.93,46.96
27.93,46.93
27.93,46.88
27.93,46.82
27.93,46.77
27.93,46.72
27.93,46.67
27.93,46.65
27.93,46.65
27.93,46.67
27.93,46.66
27.93,46.65
27.93,46.65
27.92,46.66
27.93,46.66
27.92,46.67
27.92,46.7
27.92,46.74
27.92,46.79
27.92,46.78
27.92,46.75
27.92,46.72
27.92,46.64
27.92,46.61
27.92,46.53
27.92,46.47
27.92,46.41
27.92,46.44
27.92,46.5
27.93,46.61
27.93,46.73
27.93,46.82
27.93,46.93
27.93,47.02
27.93,47.1
27.93,47.16
27.93,47.17
27.93,47.14
27.93,47.13
27.93,47.18
27.93,47.18
27.93,47.17
27.93,47.15
27.93,47.16
27.93,47.16
27.93,47.19
27.93,47.19
27.93,47.21
27.93,47.21
27.93,47.22
27.93,47.2
27.93,47.17
27.93,47.15
27.93,47.14
27.93,47.11
27.93,47.1
27.93,47.08
27.93,47.05
27.93,47.05
27.93,47.01
27.93,46.97
27.93,46.92
27.93,46.85
27.93,46.78
27.93,46.7
27.93,46.61
27.93,46.51
27.93,46.44
27.93,46.35
27.93,46.27
27.93,46.19
27.93,46.13
27.93,46.09
27.93,46.06
27.93,46.01
27.93,46.0
27.93,46.03
27.93,46.04
27.93,46.1
27.93,46.13
27.93,46.16
27.93,46.18
27.93,46.19
27.93,46.2
27.93,46.18
27.93,46.17
27.93,46.17
27.93,46.22
27.93,46.27
27.93,46.33
27.93,46.36
27.93,46.37
27.93,46.35
27.93,46.31
27.93,46.3
27.93,46.29
27.93,46.33
27.93,46.38
27.93,46.4
27.93,46.44
27.93,46.44
27.93,46.42
27.93,46.38
27.93,46.35
27.93,46.36
27.94,46.41
27.94,46.44
27.94,46.46
27.94,46.46
27.94,46.48
27.94,46.49
27.94,46.49
27.94,46.5
27.94,46.5
27.94,46.5
27.94,46.47
27.94,46.45
27.94,46.41
27.94,46.38
27.94,46.34
27.94,46.3
27.94,46.28
27.94,46.26
27.95,46.23
27.95,46.23
27.95,46.23
27.95,46.23
27.95,46.23
27.95,46.21
27.95,46.17
27.95,46.15
27.95,46.1
27.95,46.08
27.95,46.07
27.95,46.05
27.95,46.04
27.95,46.02
27.95,46.02
27.95,46.03
27.95,46.06
27.95,46.06
27.96,46.04
27.95,46.03
27.95,46.0
27.95,45.95
27.95,45.92
27.95,45.87
27.95,45.85
27.95,45.85
27.95,45.83
27.95,45.84
27.95,45.83
27.95,45.84
27.95,45.88
27.95,45.9
27.95,45.93
27.95,45.9
27.95,45.88
27.95,45.87
27.95,45.87
27.95,45.87
27.95,45.86
27.95,45.85
27.95,45.85
27.95,45.83
27.95,45.81
27.95,45.78
27.96,45.75
27.96,45.72
27.96,45.7
27.96,45.68
27.96,45.67
27.96,45.66
27.96,45.66
27.96,45.66
27.96,45.68
27.96,45.69
27.96,45.7
27.96,45.71
27.96,45.73
27.96,45.77
27.96,45.81
27.96,45.83
27.96,45.83
27.96,45.84
27.96,45.82
28.14,47.45
28.41,51.22
28.69,54.05
28.97,55.91
29.22,57.09
29.44,57.84
29.65,58.34
29.82,58.64
29.97,58.85
30.1,58.99
30.22,59.1
30.31,59.18
30.39,59.29
30.46,59.37
30.52,59.47
30.57,59.56
30.61,59.67
30.65,59.76
30.68,59.85
30.7,59.98
30.73,60.08
30.74,60.2
30.76,60.3
30.74,60.69
30.7,60.27
30.65,58.39
30.6,56.24
30.54,53.97
30.48,51.68
30.42,49.93
30.36,48.46
30.3,47.1
30.25,45.95
30.19,45.1
30.13,44.47
30.09,44.03
30.04,43.77
30.0,43.6
29.95,43.46
29.91,43.29
29.87,43.15
29.83,43.05
29.8,43.01
29.76,43.0
29.72,42.99
29.69,42.97
29.66,42.95
29.63,42.92
29.6,42.9
29.57,42.9
29.54,42.89
29.52,42.91
29.49,42.92
29.47,42.92
29.44,42.93
29.42,42.94
29.39,42.93
29.37,42.96
29.35,42.98
29.33,43.0
29.31,43.03
29.29,43.05
29.27,43.1
29.25,43.13
29.23,43.18
29.21,43.23
29.19,43.26
29.17,43.27
29.16,43.28
29.14,43.34
29.12,43.4
29.1,43.5
29.11,44.62
29.11,47.1
29.12,49.58
29.11,51.44
29.11,52.4
29.09,52.12
29.08,50.78
29.06,49.64
29.05,48.93
29.03,48.48
29.01,48.15
29.0,47.88
28.98,47.65
28.97,47.46
28.95,47.27
28.94,47.06
28.92,46.85
28.9,46.67
28.89,46.51
28.87,46.35
28.86,46.25
28.85,46.15
28.83,46.02
28.82,45.87
28.81,45.71
28.79,45.58
28.78,45.5
28.77,45.44
28.76,45.41
28.75,45.4
28.73,45.4
28.72,45.37
28.71,45.33
28.7,45.29
28.69,45.28
28.68,45.3
28.67,45.32
28.65,45.33
28.64,45.28
28.63,45.24
28.62,45.22
28.61,45.21
28.6,45.23
28.59,45.25
28.58,45.27
28.57,45.26
28.57,45.24
28.56,45.23
28.55,45.25
28.54,45.29
28.53,45.34
28.52,45.37
28.51,45.41
28.51,45.45
28.5,45.47
28.49,45.5
28.48,45.5
28.48,45.5
28.47,45.47
28.46,45.45
28.45,45.44
28.45,45.4
28.44,45.4
28.43,45.43
28.42,45.46
28.42,45.47
28.41,45.48
28.4,45.48
28.39,45.48
28.39,45.47
28.38,45.47
28.38,45.5
28.37,45.51
28.36,45.51
28.36,45.51
28.35,45.51
28.35,45.49
28.34,45.48
28.34,45.45
28.33,45.4
28.33,45.35
28.32,45.28
28.32,45.21
28.31,45.15
28.31,45.11
28.31,45.08
28.3,45.06
28.3,45.03
28.3,45.02
28.29,45.01
28.29,45.0
28.28,44.96
28.28,44.95
28.27,44.93
28.27,44.93
28.27,44.95
28.27,44.99
28.26,45.07
28.26,45.14
28.26,45.21
28.25,45.29
28.25,45.4
28.25,45.52
28.24,45.63
28.24,45.76
28.32,46.25
28.48,50.24
28.66,53.76
28.84,55.97
29.01,57.33
29.17,58.13
29.31,58.62
29.43,58.98
29.54,59.22
29.63,59.41
29.71,59.56
29.78,59.7
29.85,59.86
29.89,61.15
29.94,62.26
29.97,62.97
30.01,63.38
30.04,63.65
30.06,63.83
30.09,63.97
30.11,64.09
30.12,64.23
30.14,64.31
30.14,64.38
30.12,63.08
30.11,60.4
30.09,57.77
30.07,55.66
30.04,53.73
30.0,51.94
29.97,50.44
29.94,49.28
29.9,48.38
29.87,47.73
29.83,47.22
29.79,46.81
29.76,46.46
29.72,46.21
29.69,45.95
29.66,45.75
29.63,45.56
29.6,45.4
29.57,45.26
29.54,45.14
29.51,45.04
29.48,44.99
29.46,44.94
29.43,44.92
29.4,44.87
29.38,44.85
29.36,44.83
29.33,44.8
29.31,44.73
29.29,44.7
29.26,44.65
29.24,44.6
29.22,44.53
29.2,44.44
29.18,44.32
29.15,44.23
29.13,44.16
29.12,44.09
29.1,44.03
29.08,43.99
29.06,43.96
29.04,43.94
29.03,43.94
29.01,43.93
28.99,43.93
28.98,43.91
28.96,43.97
28.95,44.01
28.94,44.05
28.92,44.09
28.91,44.12
28.89,44.18
28.88,44.22
28.87,44.25
28.85,44.25
28.84,44.25
28.83,44.24
28.82,44.22
28.81,44.2
28.8,44.19
28.79,44.17
28.77,44.16
28.76,44.13
28.75,44.13
28.74,44.12
28.73,44.13
28.72,44.13
28.71,44.17
28.7,44.19
28.69,44.2
28.68,44.24
28.67,44.24
28.66,44.24
28.65,44.29
28.64,44.43
28.63,44.59
28.62,44.73
28.61,44.84
28.61,44.91
28.6,44.93
28.59,44.92
28.58,44.88
28.57,44.82
28.56,44.76
28.55,44.73
28.55,44.69
28.54,44.68
28.53,44.68
28.52,44.7
28.52,44.74
28.51,44.78
28.5,44.82
28.5,44.87
28.49,44.91
28.48,44.97
28.48,45.02
28.47,45.09
28.47,45.19
28.46,45.34
28.45,45.47
28.45,45.59
28.44,45.66
28.43,45.67
28.43,45.63
28.42,45.59
28.41,45.54
28.4,45.51
28.4,45.46
28.39,45.41
28.38,45.34
28.38,45.29
28.37,45.26
28.37,45.23
28.36,45.2
28.35,45.17
28.35,45.15
28.34,45.12
28.34,45.12
28.34,45.12
28.33,45.11
28.33,45.16
28.32,45.23
28.32,45.29
28.31,45.35
28.31,45.35
28.31,45.35
28.3,45.33
28.3,45.27
28.29,45.25
28.29,45.2
28.29,45.19
28.28,45.2
28.28,45.17
28.28,45.17
28.27,45.14
28.27,45.12
28.26,45.12
28.26,45.1
28.26,45.08
28.25,45.07
28.25,45.06
28.25,45.06
28.24,45.05
28.24,45.03
28.24,45.05
28.24,45.05
28.23,45.06
28.23,45.07
28.23,45.08
28.23,45.08
28.22,45.08
28.22,45.08
28.22,45.07
28.22,45.07
28.22,45.05
28.21,45.05
28.21,45.02
28.21,45.02
28.21,45.03
28.2,45.01
28.2,45.02
28.2,45.03
28.2,45.04
28.19,45.03
28.19,45.07
28.19,45.12
28.19,45.17
28.19,45.24
28.18,45.3
28.18,45.37
28.18,45.41
28.18,45.41
28.18,45.41
28.17,45.4
28.17,45.39
28.17,45.37
28.17,45.36
28.17,45.38
28.17,45.42
28.16,45.45
28.16,45.48
28.16,45.48
28.16,45.48
28.15,45.48
28.15,45.53
28.15,45.63
28.15,45.67
28.15,45.72
28.14,45.73
28.14,45.75
28.14,45.73
28.14,45.74
28.14,45.76
28.14,45.76
28.14,45.79
28.13,45.82
28.13,45.83
28.13,45.84
28.13,45.84
28.13,45.81
28.13,45.77
28.12,45.7
28.12,45.65
28.12,45.62
28.12,45.59
28.12,45.58
28.12,45.6
28.12,45.62
28.11,45.66
28.11,45.68
28.11,45.69
28.11,45.75
28.11,45.77
28.11,45.78
28.11,45.75
28.11,45.7
28.1,45.65
28.1,45.57
28.1,45.52
28.1,45.49
28.1,45.48
28.1,45.48
28.09,45.51
28.1,45.53
28.09,45.58
28.09,45.66
28.09,45.76
28.09,45.85
28.09,45.94
28.09,46.02
28.09,46.09
28.09,46.14
28.09,46.15
28.08,46.15
28.08,46.17
28.08,46.22
28.08,46.29
28.08,46.36
28.07,46.42
28.07,46.48
28.07,46.51
28.07,46.52
28.07,46.52
28.07,46.51
28.07,46.51
28.07,46.53
28.07,46.51
28.07,46.51
28.07,46.5
28.07,46.5
28.06,46.48
28.06,46.47
28.06,46.45
28.06,46.45
28.06,46.45
28.06,46.43
28.06,46.4
28.06,46.37
28.06,46.34
28.06,46.3
28.05,46.26
28.05,46.23
28.05,46.22
28.05,46.22
28.05,46.22
28.05,46.21
28.05,46.2
28.05,46.18
28.05,46.16
28.05,46.13
28.05,46.1
28.04,46.08
28.04,46.08
28.04,46.04
28.04,46.03
28.04,46.02
28.04,46.0
28.04,46.01
28.04,46.01
28.04,46.02
28.04,46.03
28.04,46.04
28.04,46.08
28.04,46.09
28.04,46.12
28.04,46.14
28.03,46.18
28.03,46.2
28.03,46.23
28.03,46.26
28.03,46.26
28.03,46.28
28.03,46.29
28.03,46.31
28.03,46.31
28.03,46.32
28.03,46.33
28.03,46.33
28.03,46.35
28.03,46.37
28.03,46.39
28.03,46.39
28.03,46.4
28.03,46.42
28.03,46.42
28.03,46.43
28.03,46.44
28.03,46.45
28.03,46.44
28.03,46.44
28.03,46.44
28.03,46.41
28.03,46.41
28.03,46.39
28.03,46.38
28.02,46.38
28.02,46.38
28.02,46.37
28.02,46.36
28.02,46.35
28.02,46.33
28.02,46.32
28.02,46.32
28.02,46.3
28.02,46.29
28.02,46.27
28.02,46.27
28.01,46.26
28.01,46.24
28.01,46.24
28.01,46.24
28.01,46.26
28.01,46.28
28.01,46.29
28.01,46.28
28.01,46.3
28.01,46.31
28.01,46.37
28.01,46.43
28.01,46.47
28.01,46.48
28.01,46.48
28.01,46.48
28.01,46.45
28.01,46.43
28.0,46.42
28.0,46.42
28.0,46.42
28.0,46.42
28.0,46.41
28.0,46.4
28.0,46.41
28.0,46.39
28.0,46.41
28.0,46.39
28.0,46.4
28.0,46.38
28.0,46.35
28.0,46.33
28.0,46.31
28.0,46.28
28.0,46.27
28.0,46.25
28.0,46.23
28.0,46.23
28.0,46.23
28.0,46.2
27.99,46.2
27.99,46.2
27.99,46.22
27.99,46.25
27.99,46.26
27.99,46.29
27.99,46.31
27.99,46.35
27.99,46.37
27.99,46.38
27.99,46.39
27.99,46.39
27.99,46.36
27.99,46.32
27.99,46.28
27.99,46.25
27.99,46.22
27.99,46.17
27.99,46.15
27.99,46.13
27.99,46.11
27.99,46.09
27.99,46.09
27.99,46.08
27.99,46.08
27.99,46.09
27.99,46.12
27.99,46.14
27.99,46.16
27.99,46.26
27.99,46.32
27.98,46.37
27.98,46.41
27.98,46.47
27.98,46.48
27.98,46.5
27.98,46.5
27.98,46.47
27.98,46.46
27.98,46.47
27.98,46.48
27.98,46.52
27.98,46.58
27.98,46.61
27.98,46.63
27.98,46.64
27.98,46.64
27.98,46.62
27.98,46.62
27.98,46.61
27.98,46.61
27.98,46.6
27.97,46.61
27.97,46.59
27.97,46.56
27.97,46.53
27.97,46.49
27.97,46.48
27.97,46.47
27.97,46.45
27.97,46.44
27.97,46.43
27.97,46.43
27.97,46.41
27.97,46.4
27.97,46.37
27.97,46.34
27.97,46.31
27.97,46.3
27.96,46.27
27.97,46.27
27.97,46.26
27.97,46.27
27.97,46.28
27.97,46.29
27.96,46.3
27.96,46.31
27.96,46.33
27.96,46.32
27.96,46.3
27.96,46.31
27.96,46.3
27.96,46.28
27.96,46.27
27.96,46.25
27.96,46.22
27.96,46.21
27.96,46.18
27.96,46.18
27.96,46.16
27.96,46.16
27.96,46.15
27.96,46.15
27.96,46.17
27.96,46.16
27.96,46.15
27.96,46.15
27.96,46.15
27.96,46.14
27.96,46.14
27.96,46.15
27.96,46.15
27.95,46.15
27.95,46.16
27.95,46.16
27.95,46.17
27.95,46.17
27.95,46.21
27.95,46.24
27.95,46.26
27.95,46.28
27.94,46.29
27.95,46.31
27.94,46.34
27.94,46.38
27.94,46.38
27.95,46.38
27.95,46.4
27.95,46.42
27.95,46.45
27.95,46.49
27.95,46.54
27.95,46.58
27.95,46.64
27.95,46.74
27.95,46.81
27.95,46.89
27.95,46.94
27.94,46.99
27.94,47.05
27.94,47.1
27.94,47.14
27.94,47.14
27.94,47.14
27.94,47.12
27.94,47.13
27.95,47.12
27.95,47.12
27.95,47.12
27.95,47.12
27.95,47.15
27.95,47.15
27.95,47.16
27.95,47.13
27.95,47.12
27.95,47.08
27.95,47.02
27.95,47.05
27.95,47.07
27.95,47.12
27.95,47.16
27.95,47.19
27.95,47.21
27.95,47.23
27.96,47.23
27.96,47.23
27.96,47.23
27.96,47.24
27.96,47.22
27.96,47.19
27.96,47.18
27.96,47.15
27.96,47.13
27.96,47.11
27.96,47.08
27.96,47.06
27.96,47.03
27.96,47.02
27.96,47.01
27.96,47.0
27.96,46.98
27.96,46.97
27.96,46.94
27.96,46.91
27.96,46.88
27.96,46.85
27.96,46.82
27.96,46.8
27.96,46.78
27.96,46.76
27.96,46.77
27.96,46.74
27.96,46.75
27.96,46.75
27.96,46.75
27.96,46.77
27.96,46.8
27.96,46.8
27.96,46.83
27.96,46.83
27.96,46.83
27.96,46.81
27.96,46.8
27.96,46.78
27.96,46.75
27.96,46.72
27.96,46.74
27.96,46.73
27.96,46.73
27.96,46.72
27.96,46.74
27.96,46.74
27.96,46.73
27.96,46.72
27.96,46.74
27.96,46.74
27.96,46.73
27.96,46.73
27.95,46.74
27.95,46.73
27.95,46.74
27.95,46.73
27.95,46.74
27.96,46.73
27.96,46.74
27.96,46.74
27.96,46.74
27.95,46.74
27.95,46.74
27.95,46.75
27.95,46.76
27.95,46.77
27.95,46.79
27.95,46.8
27.95,46.81
27.95,46.82
27.95,46.84
27.95,46.86
27.95,46.87
27.95,46.87
27.95,46.89
27.94,46.89
27.94,46.92
27.94,46.93
27.94,46.92
27.94,46.91
27.94,46.9
27.94,46.88
27.94,46.87
27.94,46.87
27.94,46.89
27.94,46.9
27.94,46.88
27.94,46.9
27.94,46.88
27.94,46.91
27.94,46.95
27.93,46.96
27.93,46.95
27.93,46.95
27.93,46.93
27.93,46.94
27.93,46.93
27.93,46.94
27.93,46.95
27.93,46.97
27.93,46.97
27.93,46.99
27.93,46.99
27.93,47.01
27.93,47.02
27.93,47.01
27.93,47.02
27.93,47.02
27.93,47.04
27.93,47.04
27.93,47.03
27.93,47.04
27.93,47.04
27.93,47.05
27.93,47.08
27.93,47.14
27.93,47.17
27.93,47.22
27.93,47.25
27.93,47.27
27.93,47.28
27.93,47.26
27.93,47.2
27.93,47.17
27.93,47.16
27.94,47.17
27.94,47.16
27.94,47.11
27.94,47.08
27.94,47.07
27.94,47.05
27.94,47.03
27.94,47.05
27.94,47.05
27.94,47.08
27.94,47.1
27.94,47.11
27.94,47.11
27.94,47.08
27.94,47.08
27.94,47.02
27.94,46.99
27.94,46.97
27.94,46.94
27.94,46.94
27.94,46.98
27.94,47.08
27.94,47.15
27.94,47.21
27.94,47.22
27.94,47.19
27.94,47.16
27.94,47.12
27.94,47.09
27.94,47.07
27.94,47.03
27.94,47.02
27.94,47.03
27.94,46.99
27.94,46.93
27.94,46.88
27.94,46.84
27.94,46.8
27.94,46.78
27.94,46.73
27.94,46.7
27.94,46.67
27.94,46.62
27.94,46.62
27.94,46.58
27.94,46.54
27.94,46.5
27.94,46.48
29.1,50.52
29.02,50.52
28.97,50.53
28.93,50.54
28.89,50.52
28.87,50.52
28.85,50.53
28.84,50.54
28.83,50.53
28.82,50.56
28.82,50.57
28.81,50.56
28.81,50.56
28.81,50.53
28.81,50.53
28.81,50.51
28.81,50.53
28.82,50.54
28.82,50.58
28.82,50.54
28.82,50.5
28.82,50.5
28.83,50.47
28.83,50.44
28.83,50.41
28.83,50.4
28.84,50.38
28.84,50.38
28.84,50.41
28.85,50.46
28.85,50.51
28.86,50.51
28.86,50.55
28.87,50.56
29.24,50.09
29.24,50.06
29.24,50.08
29.24,50.1
29.25,50.1
29.25,50.08
29.25,50.05
29.26,50.04
29.26,50.04
29.27,50.03
29.27,50.03
29.28,50.04
29.29,50.05
29.29,50.06
29.29,50.06
29.29,50.04
29.3,50.07
29.3,50.35
29.3,50.49
29.3,50.51
29.31,50.48
29.31,50.42
29.31,50.31
29.31,50.25
29.31,50.22
29.31,50.2
29.31,50.17
29.31,50.15
29.32,50.13
29.32,50.13
29.32,50.11
29.32,50.11
29.32,50.07
29.33,50.07
29.33,50.06
29.33,50.05
29.34,50.05
29.34,50.05
29.35,50.05
29.35,50.05
29.35,50.07
29.36,50.09
29.36,50.12
29.37,50.14
29.37,50.15
29.38,50.11
29.38,50.03
29.37,49.95
29.37,49.9
32.29,49.75
31.64,48.69
31.11,48.79
30.7,48.96
30.39,49.07
30.15,49.11
29.98,49.17
29.84,49.21
29.74,49.21
29.66,49.19
29.6,49.19
29.55,49.17
29.51,49.16
29.48,49.12
29.46,49.11
29.44,49.14
29.42,49.25
29.41,49.4
29.4,49.49
29.39,49.52
29.39,49.49
29.39,49.45
29.38,49.41
29.37,49.4
29.37,49.43
29.37,49.45
29.36,49.49
29.36,49.6
29.36,49.72
29.36,49.81
29.36,49.82
29.37,49.82
29.37,49.81
29.37,49.8
29.37,49.78
29.38,49.77
29.38,49.76
29.38,49.81
29.38,49.83
29.38,49.84
29.38,49.84
29.38,49.84
29.37,49.85
29.37,49.81
29.37,49.76
29.37,49.75
29.37,49.75
29.37,49.75
29.37,49.76
29.38,49.74
29.38,49.76
29.38,49.78
29.38,49.8
29.38,49.82
29.39,49.82
29.39,49.78
29.39,49.75
29.39,49.73
29.4,49.65
30.85,50.64
30.43,50.56
30.12,50.55
29.88,50.85
29.7,51.1
29.56,51.26
29.45,51.44
29.37,51.64
29.31,51.91
29.27,52.33
29.24,52.85
29.21,53.38
29.19,53.41
29.17,52.8
29.15,52.04
29.14,51.36
29.12,50.78
29.11,50.29
29.09,49.9
29.08,49.67
29.07,49.53
29.05,49.43
29.04,49.42
29.03,49.49
29.02,49.56
29.01,49.64
29.01,49.72
29.0,49.81
28.99,49.87
28.99,49.93
28.98,50.16
28.97,50.26
28.96,50.22
28.95,50.2
28.95,50.17
28.94,50.22
28.94,50.3
28.94,50.43
28.93,50.59
28.93,50.59
28.93,50.53
28.92,50.45
28.91,50.31
28.9,50.11
28.89,49.87
28.87,49.7
28.86,49.56
28.84,49.45
28.82,49.32
28.8,49.26
28.79,49.37
28.78,49.7
28.77,49.9
28.77,50.02
28.76,50.24
28.75,50.23
28.74,50.07
28.73,49.84
28.72,49.63
28.7,49.5
28.69,49.44
28.68,49.44
28.67,49.42
28.67,49.37
28.66,49.34
28.65,49.32
28.64,49.35
28.63,49.39
28.62,49.46
28.62,49.54
28.62,49.61
28.61,49.76
28.61,49.9
28.61,49.92
28.6,49.85
28.6,49.78
28.6,49.71
28.6,49.76
28.6,49.82
28.6,49.8
28.6,49.78
28.59,49.78
28.59,49.67
28.59,49.59
28.59,49.56
28.59,49.57
28.59,49.58
28.59,49.59
28.58,49.61
28.58,49.61
28.58,49.62
28.57,49.66
28.57,49.66
28.57,49.69
28.56,49.74
28.56,49.81
28.55,49.88
28.55,49.95
28.55,49.99
28.55,50.09
28.55,50.22
28.56,50.36
28.56,50.49
28.56,50.61
28.56,50.59
28.56,50.53
28.56,50.44
28.56,50.36
28.56,50.34
28.56,50.39
28.56,50.45
28.56,50.49
28.57,50.51
28.57,50.57
28.58,50.56
28.58,50.55
28.59,50.53
28.59,50.51
28.6,50.5
28.61,50.51
28.62,50.74
28.62,51.17
28.63,51.47
28.64,51.58
28.64,51.58
28.65,51.51
28.65,51.46
28.66,51.34
28.66,51.19
28.67,51.08
28.67,51.0
28.68,50.97
28.68,50.94
28.68,50.93
28.69,50.94
28.69,50.96
28.69,51.0
28.7,51.02
28.7,51.04
28.7,51.06
28.7,51.04
28.71,51.03
28.72,51.03
28.72,51.07
28.73,51.06
28.73,51.04
28.74,51.06
28.75,51.06
28.76,51.04
28.77,51.04
28.78,51.25
28.78,51.36
28.79,51.42
28.06,50.03
27.88,49.97
27.75,49.84
27.65,49.68
27.58,49.56
27.53,49.44
27.45,50.35
27.46,50.47
27.47,50.46
27.47,50.09
27.47,49.7
27.48,49.37
27.48,49.21
27.49,49.07
27.49,48.96
27.5,48.95
27.51,48.99
27.51,49.03
27.52,49.1
27.52,49.19
27.53,49.28
27.53,49.34
27.54,49.38
27.54,49.41
27.54,49.32
27.55,49.12
27.55,48.93
27.56,48.79
27.56,48.72
27.57,48.7
27.57,48.72
27.57,48.74
27.58,48.74
27.58,48.71
27.58,48.65
27.58,48.52
27.58,48.45
27.58,48.46
27.58,48.49
27.59,48.51
27.59,48.53
27.59,48.55
27.59,48.6
27.59,48.66
27.58,48.62
27.58,48.39
27.58,48.21
27.58,48.14
27.58,48.21
27.58,48.38
27.59,48.47
27.59,48.66
27.59,48.73
27.6,48.77
27.6,48.81
27.6,48.82
27.6,48.82
27.6,48.7
27.6,48.48
27.6,48.23
27.6,47.98
27.6,47.81
27.6,47.84
27.6,47.93
27.61,48.03
27.61,48.29
27.61,48.43
27.61,48.45
27.62,48.45
27.62,48.39
27.62,48.28
27.63,48.2
27.63,48.24
27.63,48.25
27.63,48.09
27.64,47.93
27.64,47.87
27.64,47.89
27.64,47.87
27.65,47.75
27.65,47.7
27.65,47.67
27.65,47.72
27.65,47.85
27.65,47.88
27.66,47.7
27.66,47.71
27.66,47.8
27.67,47.85
27.67,47.91
27.68,47.96
27.68,48.09
27.68,48.12
27.68,48.11
27.68,48.14
27.68,48.14
27.69,48.1
27.69,48.02
27.69,47.98
27.69,47.95
27.69,47.86
27.7,47.76
27.7,47.69
27.7,47.65
27.7,47.6
27.71,47.57
27.71,47.57
27.71,47.54
27.72,47.49
27.72,47.44
27.72,47.4
27.72,47.37
27.72,47.35
27.73,47.37
27.73,47.36
27.73,47.36
27.73,47.31
27.73,47.29
27.73,47.23
27.72,47.15
27.72,47.09
27.71,47.06
27.7,47.09
27.69,47.1
27.68,47.09
27.68,47.13
27.68,47.14
27.68,47.17
27.67,47.15
27.67,47.15
27.66,47.14
27.66,47.2
27.66,47.31
27.66,47.38
27.66,47.36
27.66,47.34
27.65,47.3
27.65,47.27
27.65,47.26
27.65,47.3
27.64,47.33
27.64,47.31
27.64,47.31
27.64,47.31
27.63,47.3
27.63,47.32
27.63,47.32
27.62,47.33
27.62,47.37
27.62,47.4
27.62,47.44
27.62,47.55
27.62,47.59
27.62,47.63
27.62,47.73
27.62,47.83
27.62,47.87
27.62,47.84
27.62,47.79
27.62,47.71
27.62,47.65
27.62,47.64
27.62,47.66
27.62,47.68
27.62,47.68
27.62,47.67
27.62,47.92
27.62,48.29
27.63,48.5
27.62,48.46
27.62,48.3
27.62,48.12
27.62,47.95
27.62,47.86
27.62,47.86
27.62,47.89
27.63,47.97
27.63,48.16
27.62,48.28
27.62,48.24
27.62,48.17
27.62,48.13
27.62,48.11
27.62,48.11
33.65,100.0
33.65,100.0
33.65,100.0
33.65,100.0
33.65,100.0
33.65,100.0
33.65,100.0
33.65,100.0
33.65,100.0
33.65,100.0
33.65,100.0
33.65,100.0
33.65,100.0
33.65,100.0
33.65,100.0
33.65,100.0
33.65,100.0
33.65,100.0
33.65,100.0
33.65,100.0
33.65,100.0
33.65,100.0
33.65,100.0
33.65,100.0
33.65,100.0
33.65,100.0
33.65,100.0
33.65,100.0
33.65,100.0
33.65,100.0
33.65,100.0
33.65,100.0
33.65,100.0
33.65,100.0
33.65,100.0
33.65,100.0
33.65,100.0
33.65,100.0
33.65,100.0
33.65,100.0
33.65,100.0
33.65,100.0
33.65,100.0
33.65,100.0
33.65,100.0
33.65,100.0
33.65,100.0
33.65,100.0
33.65,100.0
33.65,100.0
33.65,100.0
33.65,100.0
33.65,100.0
33.65,100.0
33.65,100.0
33.65,100.0
33.65,100.0
33.65,100.0
33.65,100.0
33.65,100.0
33.65,100.0
33.65,100.0
33.65,100.0
33.65,100.0
33.65,100.0
33.65,100.0
33.65,100.0
33.65,100.0
33.65,100.0
33.65,100.0
33.65,100.0
33.65,100.0
33.65,100.0
33.65,100.0
33.65,100.0
33.65,100.0
33.65,100.0
33.65,100.0
33.65,100.0
33.65,100.0
33.65,100.0
33.65,100.0
33.65,100.0
33.65,100.0
33.65,100.0
33.65,100.0
33.65,100.0
33.65,100.0
33.65,100.0
33.65,100.0
33.65,100.0
33.65,100.0
33.65,100.0
33.65,100.0
33.65,100.0
33.65,100.0
33.65,100.0
33.65,100.0
33.65,100.0
33.65,100.0
33.65,100.0
33.65,100.0
33.65,100.0
33.65,100.0
33.65,100.0
33.65,100.0
33.65,100.0
33.65,100.0
33.65,100.0
33.65,100.0
33.65,100.0
33.65,100.0
33.65,100.0
33.65,100.0
33.65,100.0
33.65,100.0
33.65,100.0
33.65,100.0
33.65,100.0
33.65,100.0
33.65,100.0
33.65,100.0
33.65,100.0
33.65,100.0
33.65,100.0
33.65,100.0
33.65,100.0
33.65,100.0
33.65,100.0
33.65,100.0
33.65,100.0
33.65,100.0
33.65,100.0
33.65,100.0
33.65,100.0
33.65,100.0
33.65,100.0
33.65,100.0
33.65,100.0
33.65,100.0
33.65,100.0
33.65,100.0
33.65,100.0
33.65,100.0
33.65,100.0
33.65,100.0
33.65,100.0
33.65,100.0
33.65,100.0
33.65,100.0
33.65,100.0
33.65,100.0
33.65,100.0
33.65,100.0
33.65,100.0
33.65,100.0
33.65,100.0
33.65,100.0
33.65,100.0
33.65,100.0
33.65,100.0
33.65,100.0
33.65,100.0
33.65,100.0
33.65,100.0
33.65,100.0
33.65,100.0
33.65,100.0
33.65,100.0
33.65,100.0
33.65,100.0
33.65,100.0
33.65,100.0
33.65,100.0
33.65,100.0
33.65,100.0
33.65,100.0
33.65,100.0
33.65,100.0
33.65,100.0
33.65,100.0
33.65,100.0
33.65,100.0
33.65,100.0
33.65,100.0
33.65,100.0
33.65,100.0
33.65,100.0
33.65,100.0
33.65,100.0
33.65,100.0
33.65,100.0
33.65,100.0
33.65,100.0
33.65,100.0
33.65,100.0
33.65,100.0
33.65,100.0
33.65,100.0
33.65,100.0
33.65,100.0
33.65,100.0
33.65,100.0
33.65,100.0
33.65,100.0
33.65,100.0
33.65,100.0
33.65,100.0
33.65,100.0
33.65,100.0
33.65,100.0
33.65,100.0
33.65,100.0
33.65,100.0
33.65,100.0
33.65,100.0
33.65,100.0
33.65,100.0
33.65,100.0
33.65,100.0
33.65,100.0
33.65,100.0
33.65,100.0
33.65,100.0
33.65,100.0
33.65,100.0
33.65,100.0
33.65,100.0
33.65,100.0
33.65,100.0
33.65,100.0
33.65,100.0
33.65,100.0
33.65,100.0
33.65,100.0
33.65,100.0
33.65,100.0
33.65,100.0
33.65,100.0
33.65,100.0
33.65,100.0
33.65,100.0
33.65,100.0
33.65,100.0
33.65,100.0
33.65,100.0
33.65,100.0
33.65,100.0
33.65,100.0
33.65,100.0
33.65,100.0
33.65,100.0
33.65,100.0
33.65,100.0
33.65,100.0
33.65,100.0
33.65,100.0
33.65,100.0
33.65,100.0
33.65,100.0
33.65,100.0
33.65,100.0
33.65,100.0
33.65,100.0
33.65,100.0
33.65,100.0
33.65,100.0
33.65,100.0
33.65,100.0
33.65,100.0
33.65,100.0
33.65,100.0
33.65,100.0
33.65,100.0
33.65,100.0
33.65,100.0
33.65,100.0
33.65,100.0
33.65,100.0
33.65,100.0
33.65,100.0
33.65,100.0
33.65,100.0
33.65,100.0
33.65,100.0
33.65,100.0
33.65,100.0
33.65,100.0
33.65,100.0
33.65,100.0
33.65,100.0
33.65,100.0
33.65,100.0
33.65,100.0
33.65,100.0
33.65,100.0
33.65,100.0
33.65,100.0
33.65,100.0
33.65,100.0
33.65,100.0
33.65,100.0
33.65,100.0
33.65,100.0
33.65,100.0
33.65,100.0
33.65,100.0
33.65,100.0
33.65,100.0
33.65,100.0
33.65,100.0
33.65,100.0
33.65,100.0
33.65,100.0
33.65,100.0
33.65,100.0
33.65,100.0
33.65,100.0
33.65,100.0
33.65,100.0
33.65,100.0
33.65,100.0
33.65,100.0
33.65,100.0
33.65,100.0
33.65,100.0
33.65,100.0
33.65,100.0
33.65,100.0
33.65,100.0
33.65,100.0
33.65,100.0
33.65,100.0
33.65,100.0
33.65,100.0
33.65,100.0
33.65,100.0
33.65,100.0
33.65,100.0
33.65,100.0
33.65,100.0
33.65,100.0
33.65,100.0
33.65,100.0
33.65,100.0
33.65,100.0
33.65,100.0
33.65,100.0
33.65,100.0
33.65,100.0
33.65,100.0
33.65,100.0
33.65,100.0
33.65,100.0
33.65,100.0
33.65,100.0
33.65,100.0
33.65,100.0
33.65,100.0
33.65,100.0
33.65,100.0
33.65,100.0
33.65,100.0
33.65,100.0
33.65,100.0
33.65,100.0
33.65,100.0
33.65,100.0
33.65,100.0
33.65,100.0
33.65,100.0
33.65,100.0
33.65,100.0
33.65,100.0
33.65,100.0
33.65,100.0
33.65,100.0
33.65,100.0
